INSTRUMENT,SYMBOL    ,EXP_DATE  ,OPEN_PRICE ,HI_PRICE   ,LO_PRICE   ,CLOSE_PRICE,OPEN_INT*      ,TRD_VAL           ,TRD_QTY          ,NO_OF_CONT       ,NO_OF_TRADE      
FUTIDX    ,BANKNIFTY ,28/07/2026,00057075.00,00057389.00,00056959.00,00057176.40,000000001226700,    39839624196.00,           696870,            23229,            15167
FUTIDX    ,BANKNIFTY ,25/08/2026,00057499.00,00057567.00,00057190.00,00057396.20,000000001672110,    36032143122.00,           628020,            20934,            13457
FUTIDX    ,BANKNIFTY ,29/09/2026,00057453.80,00057950.00,00057453.80,00057793.60,000000000147870,     2250118914.00,            38940,             1298,             1095
FUTIDX    ,MIDCPNIFTY,28/07/2026,00014588.80,00014597.70,00014528.65,00014590.75,000000000749760,     6698486724.00,           459600,             3830,             2941
FUTIDX    ,MIDCPNIFTY,25/08/2026,00014590.00,00014649.25,00014560.05,00014646.30,000000001523400,     6324053352.00,           432600,             3605,             2770
FUTIDX    ,MIDCPNIFTY,29/09/2026,00014650.00,00014695.00,00014627.95,00014689.85,000000000031320,      184811946.00,            12600,              105,               84
FUTIDX    ,NIFTYNXT50,28/07/2026,00072060.00,00072498.80,00072060.00,00072446.20,000000000006600,      517355705.00,             7150,              286,              256
FUTIDX    ,NIFTYNXT50,25/08/2026,00072550.00,00072801.40,00072428.40,00072682.20,000000000011075,      481095105.00,             6625,              265,              239
FUTSTK    ,GAIL      ,28/07/2026,00000169.43,00000175.45,00000169.43,00000174.75,000000014611800,     4019462472.50,         23309300,             6566,             5690
FUTSTK    ,GAIL      ,25/08/2026,00000171.99,00000176.17,00000171.08,00000175.45,000000069942100,     4890096458.00,         28211850,             7947,             6760
FUTSTK    ,GAIL      ,29/09/2026,00000173.00,00000176.36,00000172.57,00000176.08,000000000678050,       39512636.00,           227200,               64,               59
FUTSTK    ,GLENMARK  ,28/07/2026,00002188.40,00002218.90,00002188.40,00002198.10,000000005170500,     8580699150.00,          3891000,            10376,             6012
FUTSTK    ,GLENMARK  ,25/08/2026,00002209.90,00002230.50,00002205.20,00002210.50,000000009496500,     9299534437.50,          4194750,            11186,             6662
FUTSTK    ,GLENMARK  ,29/09/2026,00002234.00,00002239.00,00002220.00,00002220.50,000000000020250,       12537412.50,             5625,               15,               14
FUTSTK    ,GMRAIRPORT,28/07/2026,00000107.69,00000108.99,00000106.99,00000108.22,000000064414125,     4446778655.25,         41229225,             5911,             2935
FUTSTK    ,GMRAIRPORT,25/08/2026,00000109.00,00000109.56,00000107.56,00000108.77,000000103027725,     4973420380.50,         45867600,             6576,             3547
FUTSTK    ,GMRAIRPORT,29/09/2026,00000109.38,00000109.53,00000108.60,00000109.47,000000004749975,       29667046.50,           272025,               39,               37
FUTSTK    ,GODFRYPHLP,28/07/2026,00002152.00,00002253.30,00002109.00,00002198.40,000000000507650,     3000142887.50,          1361800,             4952,             3895
FUTSTK    ,GODFRYPHLP,25/08/2026,00002109.00,00002226.00,00002109.00,00002175.00,000000001565025,     3632706357.50,          1667875,             6065,             4599
FUTSTK    ,GODFRYPHLP,29/09/2026,00002119.30,00002213.80,00002119.00,00002163.90,000000000037675,       54920992.50,            25300,               92,               87
FUTSTK    ,GODREJCP  ,28/07/2026,00001055.60,00001079.50,00001055.60,00001075.60,000000003673500,     3230438950.00,          3016000,             6032,             4365
FUTSTK    ,GODREJCP  ,25/08/2026,00001079.90,00001079.90,00001060.50,00001076.10,000000009513500,     3656917350.00,          3411500,             6823,             5074
FUTSTK    ,GODREJCP  ,29/09/2026,00001081.00,00001081.70,00001075.20,00001081.30,000000000015000,        5393700.00,             5000,               10,               10
FUTSTK    ,GODREJPROP,28/07/2026,00002047.20,00002074.00,00002018.00,00002069.00,000000002671175,     3404333432.50,          1662050,             5114,             4289
FUTSTK    ,GODREJPROP,25/08/2026,00002055.00,00002085.90,00002028.00,00002078.30,000000005772325,     4304735857.50,          2091050,             6434,             5554
FUTSTK    ,GODREJPROP,29/09/2026,00002040.00,00002094.90,00002040.00,00002091.90,000000000133575,       24887167.50,            12025,               37,               34
FUTSTK    ,GRASIM    ,28/07/2026,00003110.10,00003118.00,00003080.40,00003113.80,000000003544750,     8191146600.00,          2641000,            10564,             6549
FUTSTK    ,GRASIM    ,25/08/2026,00003125.00,00003126.60,00003093.90,00003122.50,000000011226500,     9067819600.00,          2916250,            11665,             7427
FUTSTK    ,GRASIM    ,29/09/2026,00003113.30,00003145.60,00003113.30,00003145.40,000000000133750,       13290650.00,             4250,               17,               11
FUTSTK    ,GVT&D     ,28/07/2026,00004165.80,00004336.10,00004146.40,00004206.90,000000000726000,     3058033437.50,           719000,             5752,             4929
FUTSTK    ,GVT&D     ,25/08/2026,00004224.80,00004345.00,00004153.00,00004223.60,000000002395000,     5022847975.00,          1180250,             9442,             7607
FUTSTK    ,GVT&D     ,29/09/2026,00004212.00,00004368.30,00004198.00,00004252.50,000000000021000,       19797437.50,             4625,               37,               35
FUTSTK    ,LAURUSLABS,28/07/2026,00001619.50,00001728.80,00001619.50,00001711.10,000000003899800,    11774178410.00,          6992950,             8227,             6728
FUTSTK    ,LAURUSLABS,25/08/2026,00001630.00,00001739.10,00001626.50,00001722.90,000000016478950,    21441964340.00,         12649700,            14882,            12145
FUTSTK    ,LAURUSLABS,29/09/2026,00001630.00,00001738.00,00001630.00,00001723.00,000000000393550,      697763045.00,           410550,              483,              448
FUTSTK    ,LICHSGFIN ,28/07/2026,00000540.10,00000554.35,00000540.10,00000553.30,000000005489000,     3710633800.00,          6784000,             6784,             4645
FUTSTK    ,LICHSGFIN ,25/08/2026,00000531.10,00000546.95,00000530.70,00000545.95,000000021974000,     3834457100.00,          7107000,             7107,             4941
FUTSTK    ,LICHSGFIN ,29/09/2026,00000536.45,00000549.70,00000536.45,00000549.10,000000000165000,       28261800.00,            52000,               52,               45
FUTSTK    ,LICI      ,28/07/2026,00000424.00,00000430.55,00000423.20,00000425.40,000000007940800,     3594752770.00,          8442000,             6030,             3878
FUTSTK    ,LICI      ,25/08/2026,00000421.00,00000423.45,00000417.80,00000421.65,000000018029200,     3614978220.00,          8598800,             6142,             3922
FUTSTK    ,LICI      ,29/09/2026,00000418.95,00000421.50,00000417.00,00000420.15,000000000842800,       98612850.00,           235200,              168,              121
FUTSTK    ,LODHA     ,28/07/2026,00001156.90,00001203.95,00001146.35,00001197.80,000000003293125,     8262935250.00,          6966875,            11147,             9441
FUTSTK    ,LODHA     ,25/08/2026,00001117.85,00001170.00,00001107.05,00001156.70,000000013720625,     9127370062.50,          7960000,            12736,            10851
FUTSTK    ,LODHA     ,29/09/2026,00001115.40,00001150.00,00001092.60,00001137.05,000000000434375,      389322062.50,           346250,              554,              473
FUTSTK    ,LT        ,28/07/2026,00003817.00,00003833.20,00003800.10,00003809.30,000000005388600,    16503825992.50,          4325300,            24716,            16993
FUTSTK    ,LT        ,25/08/2026,00003860.00,00003860.00,00003821.30,00003828.70,000000010794350,    19701938690.00,          5136775,            29353,            20352
FUTSTK    ,LT        ,29/09/2026,00003899.70,00003899.70,00003845.10,00003852.90,000000001669325,      254700022.50,            65975,              377,              352
FUTSTK    ,LTF       ,28/07/2026,00000306.00,00000312.40,00000304.10,00000311.85,000000008433000,     5423528137.50,         17457750,             7759,             5148
FUTSTK    ,LTF       ,25/08/2026,00000303.40,00000310.95,00000303.40,00000310.45,000000048755250,     5904914062.50,         19118250,             8497,             5749
FUTSTK    ,LTF       ,29/09/2026,00000304.90,00000309.60,00000304.80,00000309.20,000000000634500,       50465250.00,           164250,               73,               70
FUTSTK    ,LTM       ,28/07/2026,00004132.40,00004221.20,00004116.40,00004192.60,000000000716850,     4184510715.00,           999900,             6666,             5714
FUTSTK    ,LTM       ,25/08/2026,00004130.00,00004244.00,00004123.00,00004217.60,000000003007650,     5444353830.00,          1294800,             8632,             7152
FUTSTK    ,LTM       ,29/09/2026,00004094.90,00004239.00,00004094.80,00004214.10,000000000041850,       64767135.00,            15450,              103,               93
FUTSTK    ,LUPIN     ,28/07/2026,00002384.90,00002431.60,00002380.00,00002413.60,000000001738250,     4460888017.50,          1846625,             4345,             3439
FUTSTK    ,LUPIN     ,25/08/2026,00002385.00,00002441.00,00002385.00,00002425.30,000000004829275,     5529042260.00,          2277575,             5359,             4380
FUTSTK    ,LUPIN     ,29/09/2026,00002428.90,00002450.00,00002428.90,00002439.80,000000000059925,       52895160.00,            21675,               51,               48
FUTSTK    ,SAIL      ,28/07/2026,00000163.00,00000166.38,00000162.04,00000162.77,000000093248000,    16262909873.00,         99301600,            21128,            11293
FUTSTK    ,SAIL      ,25/08/2026,00000164.00,00000167.30,00000163.04,00000163.61,000000181960500,    16832245783.00,        102243800,            21754,            11857
FUTSTK    ,SAIL      ,29/09/2026,00000163.40,00000166.20,00000162.25,00000162.72,000000002829400,      249414665.00,          1522800,              324,              289
FUTSTK    ,SBICARD   ,28/07/2026,00000634.85,00000648.00,00000626.75,00000644.85,000000005076800,     5325256920.00,          8334400,            10418,             7374
FUTSTK    ,SBICARD   ,25/08/2026,00000628.65,00000646.20,00000621.15,00000643.20,000000021335200,     6346876200.00,         10019200,            12524,             9594
FUTSTK    ,SBICARD   ,29/09/2026,00000620.00,00000642.50,00000618.05,00000640.00,000000000724800,      257693480.00,           408800,              511,              417
FUTSTK    ,SBILIFE   ,28/07/2026,00001855.90,00001867.50,00001835.00,00001862.30,000000002029125,     3933603337.50,          2126625,             5671,             4305
FUTSTK    ,SBILIFE   ,25/08/2026,00001865.80,00001876.90,00001844.40,00001872.50,000000006568875,     4689962737.50,          2521875,             6725,             5275
FUTSTK    ,SBILIFE   ,29/09/2026,00001874.80,00001885.00,00001858.40,00001884.80,000000000498375,       62545050.00,            33375,               89,               78
FUTSTK    ,SBIN      ,28/07/2026,00001025.00,00001025.00,00001016.30,00001022.30,000000029993250,    21340361850.00,         20907750,            27877,            20608
FUTSTK    ,SBIN      ,25/08/2026,00001033.90,00001033.90,00001021.80,00001027.50,000000070995750,    23341417350.00,         22749750,            30333,            22870
FUTSTK    ,SBIN      ,29/09/2026,00001032.20,00001036.00,00001028.00,00001033.60,000000009630750,      413569125.00,           400500,              534,              517
FUTSTK    ,SHREECEM  ,28/07/2026,00026965.00,00027130.00,00026470.00,00026950.00,000000000111200,     3804958375.00,           141100,             5644,             4408
FUTSTK    ,SHREECEM  ,25/08/2026,00026765.00,00026795.00,00026465.00,00026735.00,000000000296700,     3671655750.00,           137650,             5506,             4239
FUTSTK    ,SHREECEM  ,29/09/2026,00026470.00,00026680.00,00026470.00,00026645.00,000000000001225,       13977125.00,              525,               21,               19
FUTSTK    ,SHRIRAMFIN,28/07/2026,00001020.00,00001039.50,00001001.70,00001037.60,000000009514725,    10371735412.50,         10126875,            12275,             9027
FUTSTK    ,SHRIRAMFIN,25/08/2026,00001027.90,00001044.80,00001006.70,00001043.00,000000026517150,    13856572702.50,         13459875,            16315,            12510
FUTSTK    ,SHRIRAMFIN,29/09/2026,00001027.70,00001051.00,00001015.00,00001049.30,000000005055600,      225710760.00,           218625,              265,              235
FUTSTK    ,SIEMENS   ,28/07/2026,00003724.80,00003746.10,00003675.60,00003715.40,000000000622825,     3930719940.00,          1060850,             6062,             5336
FUTSTK    ,SIEMENS   ,25/08/2026,00003697.20,00003705.00,00003653.10,00003683.40,000000003321325,     3958892927.50,          1077650,             6158,             5527
FUTSTK    ,SIEMENS   ,29/09/2026,00003641.10,00003674.60,00003639.00,00003669.10,000000000018200,       17944272.50,             4900,               28,               27
FUTSTK    ,SOLARINDS ,28/07/2026,00018511.00,00018772.00,00018320.00,00018643.00,000000000288700,     4516158700.00,           243850,             4877,             3677
FUTSTK    ,SOLARINDS ,25/08/2026,00018617.00,00018825.00,00018429.00,00018744.00,000000000688250,     4960620100.00,           266300,             5326,             3997
FUTSTK    ,SOLARINDS ,29/09/2026,00018775.00,00018931.00,00018579.00,00018855.00,000000000078300,       36584900.00,             1950,               39,               37
FUTSTK    ,SONACOMS  ,28/07/2026,00000720.70,00000729.90,00000717.30,00000724.15,000000006138475,     3900268435.00,          5388775,             4399,             3940
FUTSTK    ,SONACOMS  ,25/08/2026,00000729.30,00000729.30,00000711.35,00000719.90,000000010613400,     4137471983.75,          5757500,             4700,             4115
FUTSTK    ,SONACOMS  ,29/09/2026,00000712.15,00000721.10,00000712.10,00000719.65,000000000095550,       23694501.25,            33075,               27,               27
FUTSTK    ,SRF       ,28/07/2026,00002702.30,00002702.30,00002636.70,00002642.60,000000000844200,     4049864840.00,          1520800,             7604,             6402
FUTSTK    ,SRF       ,25/08/2026,00002662.00,00002678.50,00002632.00,00002645.60,000000004013600,     4103627200.00,          1547800,             7739,             6419
FUTSTK    ,SRF       ,29/09/2026,00002679.60,00002680.30,00002635.10,00002650.00,000000000053000,       34521340.00,            13000,               65,               61
FUTSTK    ,SUNPHARMA ,28/07/2026,00001953.20,00001971.00,00001931.00,00001966.00,000000005666850,     8932315210.00,          4560850,            13031,             9391
FUTSTK    ,SUNPHARMA ,25/08/2026,00001958.60,00001983.00,00001950.20,00001979.60,000000013256250,     9102101365.00,          4621400,            13204,             9432
FUTSTK    ,SUNPHARMA ,29/09/2026,00001966.10,00001993.00,00001966.10,00001991.40,000000002300550,       52792950.00,            26600,               76,               72
FUTSTK    ,SUPREMEIND,28/07/2026,00003482.50,00003508.20,00003308.10,00003333.60,000000000542325,     1600450810.00,           468125,             2675,             2115
FUTSTK    ,SUPREMEIND,25/08/2026,00003520.60,00003529.60,00003315.00,00003344.30,000000001963500,     3000391572.50,           876575,             5009,             3942
FUTSTK    ,SUPREMEIND,29/09/2026,00003528.70,00003529.90,00003345.00,00003358.20,000000000018550,       44492682.50,            13125,               75,               63
FUTSTK    ,SUZLON    ,28/07/2026,00000052.76,00000053.20,00000052.15,00000053.15,000000087617300,     5607034125.00,        106235500,             8365,             6256
FUTSTK    ,SUZLON    ,25/08/2026,00000052.99,00000053.45,00000052.38,00000053.31,000000359537000,     5928653624.00,        111937800,             8814,             6581
FUTSTK    ,SUZLON    ,29/09/2026,00000053.36,00000053.71,00000052.73,00000053.66,000000010375900,      130707257.00,          2451100,              193,              170
FUTSTK    ,SWIGGY    ,28/07/2026,00000255.58,00000265.33,00000253.01,00000259.13,000000010032025,     5504283311.25,         21086050,            11554,             9410
FUTSTK    ,SWIGGY    ,25/08/2026,00000252.98,00000264.55,00000250.36,00000258.95,000000044648625,     7687056055.75,         29579600,            16208,            13359
FUTSTK    ,SWIGGY    ,29/09/2026,00000251.00,00000263.00,00000251.00,00000258.87,000000001105950,      104549085.25,           403325,              221,              207
FUTSTK    ,CAMS      ,28/07/2026,00000758.45,00000789.70,00000758.45,00000784.85,000000002244825,     1754829202.50,          2239875,             2715,             2229
FUTSTK    ,CAMS      ,25/08/2026,00000768.45,00000793.65,00000768.45,00000788.20,000000005721375,     2611979205.00,          3319800,             4024,             3274
FUTSTK    ,CAMS      ,29/09/2026,00000775.50,00000795.35,00000775.50,00000790.65,000000000066825,       37061557.50,            47025,               57,               48
FUTSTK    ,CANBK     ,28/07/2026,00000126.50,00000129.94,00000125.90,00000127.64,000000127919250,    15642885105.00,        122418000,            18136,            14586
FUTSTK    ,CANBK     ,25/08/2026,00000127.74,00000130.75,00000126.60,00000128.33,000000361577250,    20122180650.00,        156444750,            23177,            18538
FUTSTK    ,CANBK     ,29/09/2026,00000127.67,00000131.15,00000127.41,00000129.09,000000010044000,      268907782.50,          2079000,              308,              295
FUTSTK    ,CDSL      ,28/07/2026,00001342.20,00001346.40,00001326.10,00001329.20,000000002805350,     3738159702.50,          2803450,             5902,             4729
FUTSTK    ,CDSL      ,25/08/2026,00001349.40,00001349.40,00001330.00,00001331.70,000000007670775,     4478868005.00,          3353975,             7061,             5694
FUTSTK    ,CDSL      ,29/09/2026,00001348.00,00001348.60,00001335.10,00001336.10,000000000449350,       99907225.00,            74575,              157,              137
FUTSTK    ,CGPOWER   ,28/07/2026,00000876.45,00000886.15,00000868.90,00000878.60,000000005428100,     5160970500.00,          5882000,             6920,             5230
FUTSTK    ,CGPOWER   ,25/08/2026,00000884.00,00000890.45,00000872.05,00000883.10,000000016648950,     7211699030.00,          8188900,             9634,             7653
FUTSTK    ,CGPOWER   ,29/09/2026,00000891.00,00000891.00,00000879.00,00000888.90,000000001190000,       68498567.50,            77350,               91,               80
FUTSTK    ,CHOLAFIN  ,28/07/2026,00001734.40,00001805.00,00001734.40,00001787.20,000000005057500,     8199706937.50,          4595625,             7353,             5487
FUTSTK    ,CHOLAFIN  ,25/08/2026,00001764.80,00001816.00,00001760.70,00001798.70,000000011566875,    10200759937.50,          5681875,             9091,             7796
FUTSTK    ,CHOLAFIN  ,29/09/2026,00001785.00,00001813.00,00001779.80,00001804.40,000000002786875,     1219455937.50,           675000,             1080,              125
FUTSTK    ,CIPLA     ,28/07/2026,00001412.00,00001416.00,00001392.00,00001405.80,000000003351125,     3938112475.00,          2800325,             6589,             5902
FUTSTK    ,CIPLA     ,25/08/2026,00001425.50,00001425.50,00001400.00,00001413.80,000000009590125,     4658959947.50,          3295450,             7754,             6838
FUTSTK    ,CIPLA     ,29/09/2026,00001425.00,00001431.20,00001411.20,00001423.70,000000001950750,       17536520.00,            12325,               29,               28
FUTSTK    ,COALINDIA ,28/07/2026,00000429.85,00000431.80,00000425.80,00000428.00,000000031168800,    11175173640.00,         25990200,            19252,             7834
FUTSTK    ,COALINDIA ,25/08/2026,00000427.65,00000429.55,00000424.45,00000425.85,000000060323400,    11419191337.50,         26711100,            19786,             8164
FUTSTK    ,COALINDIA ,29/09/2026,00000423.60,00000426.50,00000422.10,00000423.05,000000005425650,      134046495.00,           315900,              234,              214
FUTSTK    ,COCHINSHIP,28/07/2026,00001406.80,00001406.80,00001387.50,00001402.80,000000002241200,     3978555480.00,          2847600,             7119,             5010
FUTSTK    ,COCHINSHIP,25/08/2026,00001392.00,00001410.80,00001381.90,00001405.10,000000005248000,     4108686600.00,          2944800,             7362,             5113
FUTSTK    ,COCHINSHIP,29/09/2026,00001392.40,00001407.60,00001381.70,00001406.30,000000000131200,       51981600.00,            37200,               93,               51
FUTSTK    ,COFORGE   ,28/07/2026,00001500.00,00001535.00,00001487.20,00001524.40,000000004559525,     9196617500.00,          6049600,            12736,            10253
FUTSTK    ,COFORGE   ,25/08/2026,00001499.90,00001540.00,00001490.90,00001528.50,000000014096100,    10827071007.50,          7099825,            14947,            11936
FUTSTK    ,COFORGE   ,29/09/2026,00001499.00,00001539.70,00001497.20,00001530.40,000000000245100,      183044670.00,           120175,              253,              225
FUTSTK    ,COLPAL    ,28/07/2026,00002119.30,00002158.00,00002095.10,00002137.80,000000001191025,     3425179312.50,          1604900,             5836,             4580
FUTSTK    ,COLPAL    ,25/08/2026,00002100.00,00002170.00,00002100.00,00002148.80,000000003816175,     3813362300.00,          1777050,             6462,             5212
FUTSTK    ,COLPAL    ,29/09/2026,00002138.00,00002175.00,00002135.00,00002159.10,000000000037400,       30817435.00,            14300,               52,               48
FUTSTK    ,CONCOR    ,28/07/2026,00000471.55,00000515.00,00000471.55,00000510.30,000000008315000,     6043819125.00,         12055000,             9644,             7959
FUTSTK    ,CONCOR    ,25/08/2026,00000476.00,00000516.65,00000474.20,00000511.85,000000018468750,     9201665062.50,         18267500,            14614,            11881
FUTSTK    ,CONCOR    ,29/09/2026,00000479.60,00000516.90,00000477.00,00000514.90,000000000363750,      121569375.00,           240000,              192,              153
FUTSTK    ,CROMPTON  ,28/07/2026,00000248.90,00000251.45,00000248.05,00000249.55,000000022224550,     4086360090.00,         16367950,             7613,             5256
FUTSTK    ,CROMPTON  ,25/08/2026,00000253.65,00000253.65,00000249.55,00000250.90,000000049372600,     4571743337.50,         18210500,             8470,             5953
FUTSTK    ,CROMPTON  ,29/09/2026,00000253.50,00000254.15,00000251.30,00000252.60,000000000505250,       54316632.50,           215000,              100,               93
FUTSTK    ,CUMMINSIND,28/07/2026,00005613.50,00005654.00,00005595.50,00005638.50,000000001847400,     6142932600.00,          1091200,             5456,             3688
FUTSTK    ,CUMMINSIND,25/08/2026,00005659.00,00005682.50,00005625.50,00005669.00,000000003493400,     7036034900.00,          1243200,             6216,             4314
FUTSTK    ,CUMMINSIND,29/09/2026,00005691.00,00005712.00,00005663.50,00005701.00,000000000358200,       33008100.00,             5800,               29,               24
FUTSTK    ,HAL       ,28/07/2026,00004585.60,00004650.00,00004578.90,00004626.80,000000002062200,     7877357250.00,          1703700,            11358,             8597
FUTSTK    ,HAL       ,25/08/2026,00004620.00,00004666.60,00004595.20,00004641.10,000000004514850,     8591168475.00,          1852200,            12348,             9482
FUTSTK    ,HAL       ,29/09/2026,00004634.00,00004689.00,00004624.60,00004671.90,000000000465000,      203766735.00,            43650,              291,              252
FUTSTK    ,HAVELLS   ,28/07/2026,00001239.90,00001248.20,00001231.00,00001237.70,000000003252000,     2990771400.00,          2417000,             4834,             3600
FUTSTK    ,HAVELLS   ,25/08/2026,00001247.00,00001254.80,00001237.50,00001244.00,000000008308500,     3689771500.00,          2966500,             5933,             4480
FUTSTK    ,HAVELLS   ,29/09/2026,00001252.00,00001262.00,00001246.50,00001252.80,000000000150000,       55102600.00,            44000,               88,               81
FUTSTK    ,HCLTECH   ,28/07/2026,00001284.50,00001304.80,00001279.10,00001298.30,000000005065600,    16145860280.00,         12452400,            31131,            21412
FUTSTK    ,HCLTECH   ,25/08/2026,00001289.80,00001307.60,00001278.00,00001296.20,000000028688800,    18207575320.00,         14023600,            35059,            23800
FUTSTK    ,HCLTECH   ,29/09/2026,00001280.30,00001302.70,00001273.10,00001297.20,000000000415200,      341880360.00,           263600,              659,              617
FUTSTK    ,HDFCAMC   ,28/07/2026,00002524.20,00002555.30,00002524.20,00002548.40,000000001917000,     3845183550.00,          1510200,             5034,             4522
FUTSTK    ,HDFCAMC   ,25/08/2026,00002548.90,00002569.70,00002536.80,00002562.90,000000005593200,     3886319520.00,          1518000,             5060,             4455
FUTSTK    ,HDFCAMC   ,29/09/2026,00002570.70,00002584.90,00002570.00,00002582.00,000000000354000,       26292330.00,            10200,               34,               34
FUTSTK    ,HDFCBANK  ,28/07/2026,00000747.85,00000749.95,00000739.00,00000741.10,000000068150550,    40324450107.50,         54363400,            83636,            55304
FUTSTK    ,HDFCBANK  ,25/08/2026,00000751.15,00000753.50,00000743.00,00000744.75,000000270491000,    46784063040.00,         62750350,            96539,            66171
FUTSTK    ,HDFCBANK  ,29/09/2026,00000758.60,00000758.60,00000747.60,00000749.70,000000035917700,     1702423255.00,          2269150,             3491,             3359
FUTSTK    ,HDFCLIFE  ,28/07/2026,00000551.40,00000558.50,00000551.40,00000553.50,000000012498200,     7506968095.00,         13532200,            12302,             8212
FUTSTK    ,HDFCLIFE  ,25/08/2026,00000558.05,00000561.60,00000554.60,00000556.65,000000036704800,     6157861490.00,         11050600,            10046,             8478
FUTSTK    ,HDFCLIFE  ,29/09/2026,00000564.45,00000565.00,00000558.10,00000560.40,000000005839900,     1801886955.00,          3202100,             2911,              297
FUTSTK    ,HEROMOTOCO,28/07/2026,00005041.30,00005125.10,00005030.50,00005112.70,000000001257000,     7793722560.00,          1529400,            10196,             7907
FUTSTK    ,HEROMOTOCO,25/08/2026,00005064.00,00005158.70,00005058.10,00005139.80,000000004441200,     9664656915.00,          1887000,            12580,             9751
FUTSTK    ,HEROMOTOCO,29/09/2026,00005085.70,00005182.00,00005085.70,00005176.90,000000000056250,      170240955.00,            33000,              220,              197
FUTSTK    ,HINDALCO  ,28/07/2026,00000945.05,00000952.00,00000943.85,00000946.55,000000016208500,    10465278425.00,         11033400,            15762,             7799
FUTSTK    ,HINDALCO  ,25/08/2026,00000955.00,00000958.00,00000946.70,00000951.45,000000045600100,     9413764185.00,          9868600,            14098,             8214
FUTSTK    ,HINDALCO  ,29/09/2026,00000955.25,00000962.65,00000955.25,00000957.00,000000003994900,     1895667550.00,          1978900,             2827,              182
FUTSTK    ,HINDPETRO ,28/07/2026,00000392.00,00000397.45,00000387.65,00000394.95,000000015325200,     3522258067.50,          8991000,             4440,             3509
FUTSTK    ,HINDPETRO ,25/08/2026,00000394.00,00000398.45,00000389.00,00000396.55,000000038519550,     4130210958.75,         10493550,             5182,             4140
FUTSTK    ,HINDPETRO ,29/09/2026,00000392.95,00000400.45,00000391.15,00000399.30,000000001387125,       86666051.25,           218700,              108,               99
FUTSTK    ,HINDUNILVR,28/07/2026,00002152.30,00002182.00,00002152.30,00002174.80,000000008271600,    11442400830.00,          5259000,            17530,            13703
FUTSTK    ,HINDUNILVR,25/08/2026,00002169.00,00002194.00,00002166.30,00002186.10,000000015730800,    13446879030.00,          6148200,            20494,            15790
FUTSTK    ,HINDUNILVR,29/09/2026,00002195.30,00002206.00,00002189.30,00002201.20,000000002744400,      106228500.00,            48300,              161,              152
FUTSTK    ,HINDZINC  ,28/07/2026,00000537.80,00000540.00,00000527.70,00000529.45,000000012726525,     5494900976.25,         10325525,             8429,             5208
FUTSTK    ,HINDZINC  ,25/08/2026,00000541.00,00000543.05,00000531.00,00000532.15,000000023545725,     5600496833.75,         10470075,             8547,             5083
FUTSTK    ,HINDZINC  ,29/09/2026,00000545.00,00000545.00,00000534.10,00000536.15,000000000847700,      146420575.00,           271950,              222,              216
FUTSTK    ,HYUNDAI   ,28/07/2026,00001965.00,00001999.90,00001962.20,00001988.80,000000001030975,     3279795970.00,          1655225,             6019,             4490
FUTSTK    ,HYUNDAI   ,25/08/2026,00001934.00,00001985.50,00001934.00,00001979.40,000000003813975,     4308512175.00,          2189825,             7963,             6177
FUTSTK    ,HYUNDAI   ,29/09/2026,00001941.00,00001976.50,00001941.00,00001973.70,000000000042350,       21588875.00,            11000,               40,               39
FUTSTK    ,DABUR     ,28/07/2026,00000424.70,00000428.45,00000423.35,00000426.95,000000010742500,     3530391375.00,          8267500,             6614,             5637
FUTSTK    ,DABUR     ,25/08/2026,00000428.85,00000431.00,00000426.65,00000429.30,000000026118750,     3636520125.00,          8470000,             6776,             5664
FUTSTK    ,DABUR     ,29/09/2026,00000429.50,00000433.00,00000429.50,00000432.15,000000001626250,       51861812.50,           120000,               96,               86
FUTSTK    ,DALBHARAT ,28/07/2026,00001715.00,00001832.30,00001715.00,00001825.50,000000002339675,     4223050357.50,          2329600,             7168,             3694
FUTSTK    ,DALBHARAT ,25/08/2026,00001750.00,00001844.10,00001750.00,00001836.10,000000003486275,     4338202180.00,          2382250,             7330,             3715
FUTSTK    ,DELHIVERY ,28/07/2026,00000464.95,00000470.20,00000461.10,00000469.15,000000010252575,     4737973037.50,         10184100,             4908,             3736
FUTSTK    ,DELHIVERY ,25/08/2026,00000472.00,00000472.00,00000462.55,00000470.70,000000020911850,     5235136812.50,         11196700,             5396,             4043
FUTSTK    ,DELHIVERY ,29/09/2026,00000470.45,00000474.00,00000466.70,00000473.40,000000000327850,       69445166.25,           147325,               71,               58
FUTSTK    ,DIVISLAB  ,28/07/2026,00007213.50,00007462.00,00007213.50,00007421.00,000000001078200,     8667081000.00,          1171100,            11711,             8076
FUTSTK    ,DIVISLAB  ,25/08/2026,00007303.00,00007507.00,00007278.00,00007462.00,000000003418300,    10293847400.00,          1384300,            13843,             9624
FUTSTK    ,DIVISLAB  ,29/09/2026,00007373.50,00007534.50,00007346.50,00007506.50,000000000576200,       94824000.00,            12700,              127,              104
FUTSTK    ,DIXON     ,28/07/2026,00013945.00,00014038.00,00013767.00,00013815.00,000000000678850,    10133948500.00,           729700,            14594,            10316
FUTSTK    ,DIXON     ,25/08/2026,00013850.00,00013866.00,00013596.00,00013658.00,000000002086350,    10496936450.00,           766050,            15321,            10997
FUTSTK    ,DIXON     ,29/09/2026,00013700.00,00013780.00,00013531.00,00013597.00,000000000088650,      271361900.00,            19900,              398,              376
FUTSTK    ,DLF       ,28/07/2026,00000644.00,00000651.25,00000642.40,00000650.10,000000016018900,     7466496405.00,         11556750,            12165,             6824
FUTSTK    ,DLF       ,25/08/2026,00000644.80,00000654.00,00000644.80,00000653.25,000000040326550,     7765879880.00,         11963350,            12593,             6871
FUTSTK    ,DLF       ,29/09/2026,00000652.05,00000658.25,00000650.00,00000657.20,000000000288800,       50930355.00,            77900,               82,               77
FUTSTK    ,DMART     ,28/07/2026,00004068.60,00004085.00,00004011.10,00004028.20,000000000894300,     5904486600.00,          1456500,             9710,             7690
FUTSTK    ,DMART     ,25/08/2026,00004010.00,00004081.50,00004010.00,00004026.40,000000004231350,     6335518140.00,          1563600,            10424,             8332
FUTSTK    ,DMART     ,29/09/2026,00004015.00,00004078.70,00004015.00,00004028.30,000000000073500,      110716140.00,            27300,              182,              154
FUTSTK    ,DRREDDY   ,28/07/2026,00001156.40,00001159.10,00001149.60,00001153.70,000000004793750,     6074488062.50,          5263750,             8422,             7571
FUTSTK    ,DRREDDY   ,25/08/2026,00001151.30,00001154.70,00001142.80,00001148.40,000000013152500,     6820202187.50,          5936250,             9498,             8622
FUTSTK    ,DRREDDY   ,29/09/2026,00001152.50,00001153.90,00001144.60,00001150.20,000000000471875,      108489312.50,            94375,              151,              140
FUTSTK    ,PAGEIND   ,28/07/2026,00040210.00,00040505.00,00039670.00,00039825.00,000000000090220,     3222122400.00,            80460,             4023,             3212
FUTSTK    ,PAGEIND   ,25/08/2026,00040510.00,00040650.00,00039785.00,00039965.00,000000000226400,     3734478600.00,            93020,             4651,             3713
FUTSTK    ,PAGEIND   ,29/09/2026,00040495.00,00040495.00,00039845.00,00040025.00,000000000001540,       23238800.00,              580,               29,               29
FUTSTK    ,PATANJALI ,28/07/2026,00000343.80,00000348.90,00000341.05,00000347.65,000000007628200,     3300676560.00,          9551375,             8885,             4975
FUTSTK    ,PATANJALI ,25/08/2026,00000345.50,00000350.60,00000344.25,00000348.90,000000025816125,     4691108005.00,         13507375,            12565,             7483
FUTSTK    ,PATANJALI ,29/09/2026,00000348.50,00000351.50,00000347.10,00000350.80,000000000513850,       35724238.75,           102125,               95,               78
FUTSTK    ,PAYTM     ,28/07/2026,00001289.10,00001299.60,00001272.10,00001293.70,000000013274750,    11639746747.50,          9045825,            12477,             9020
FUTSTK    ,PAYTM     ,25/08/2026,00001294.50,00001306.90,00001278.60,00001301.00,000000018523750,    13183763587.50,         10191325,            14057,            10150
FUTSTK    ,PAYTM     ,29/09/2026,00001294.00,00001312.20,00001288.00,00001311.10,000000001898050,       41445060.00,            31900,               44,               42
FUTSTK    ,PERSISTENT,28/07/2026,00005235.90,00005356.50,00005235.90,00005289.10,000000001335375,     7355961687.50,          1389875,            11119,             9377
FUTSTK    ,PERSISTENT,25/08/2026,00005263.00,00005372.00,00005237.30,00005287.30,000000003514625,     8878866525.00,          1674125,            13393,            11014
FUTSTK    ,PERSISTENT,29/09/2026,00005229.90,00005358.20,00005229.90,00005273.60,000000000046125,      137540037.50,            26000,              208,              185
FUTSTK    ,PETRONET  ,28/07/2026,00000275.90,00000276.40,00000273.00,00000273.45,000000006423900,     2557717015.00,          9308100,             4899,             3063
FUTSTK    ,PETRONET  ,25/08/2026,00000276.95,00000279.00,00000274.20,00000274.70,000000025965400,     2733357955.00,          9902800,             5212,             3510
FUTSTK    ,PETRONET  ,29/09/2026,00000278.45,00000278.85,00000276.05,00000276.35,000000000133000,       19507680.00,            70300,               37,               36
FUTSTK    ,PFC       ,28/07/2026,00000410.35,00000420.90,00000410.35,00000420.10,000000028757300,     8410318150.00,         20160400,            15508,            10980
FUTSTK    ,PFC       ,25/08/2026,00000410.20,00000417.90,00000407.95,00000417.30,000000039206700,     8686534935.00,         20974200,            16134,            11733
FUTSTK    ,PFC       ,29/09/2026,00000409.10,00000418.40,00000409.10,00000417.00,000000002505100,      684022690.00,          1645800,             1266,              928
FUTSTK    ,PGEL      ,28/07/2026,00000581.95,00000587.80,00000577.10,00000580.75,000000003450400,     2721316895.00,          4689200,             4936,             3450
FUTSTK    ,PGEL      ,25/08/2026,00000584.90,00000591.45,00000580.00,00000583.35,000000008589900,     2942701237.50,          5046400,             5312,             3604
FUTSTK    ,PGEL      ,29/09/2026,00000586.85,00000592.65,00000584.15,00000586.45,000000000114000,       13952935.00,            23750,               25,               24
FUTSTK    ,PHOENIXLTD,28/07/2026,00002010.20,00002054.20,00002010.20,00002033.40,000000000925050,     1991155075.00,           979650,             2799,             2346
FUTSTK    ,PHOENIXLTD,25/08/2026,00002033.60,00002067.10,00002023.50,00002043.50,000000003184650,     2296991235.00,          1123150,             3209,             2743
FUTSTK    ,PHOENIXLTD,29/09/2026,00002071.10,00002071.40,00002055.60,00002055.60,000000000010150,        2893835.00,             1400,                4,                4
FUTSTK    ,PIDILITIND,28/07/2026,00001586.10,00001624.50,00001577.20,00001613.50,000000002505500,     3578381150.00,          2220000,             4440,             3216
FUTSTK    ,PIDILITIND,25/08/2026,00001597.90,00001634.80,00001597.90,00001622.80,000000006949000,     5746680600.00,          3543500,             7087,             5238
FUTSTK    ,PIDILITIND,29/09/2026,00001613.40,00001641.00,00001613.40,00001630.20,000000000628500,       29299950.00,            18000,               36,               30
FUTSTK    ,PIIND     ,28/07/2026,00002754.10,00002773.70,00002736.10,00002749.40,000000000627725,     1891088010.00,           685300,             3916,             2703
FUTSTK    ,PIIND     ,25/08/2026,00002730.60,00002751.00,00002704.80,00002738.00,000000002612575,     2155237787.50,           786975,             4497,             3201
FUTSTK    ,PIIND     ,29/09/2026,00002708.30,00002740.00,00002701.30,00002726.00,000000000044625,       55334755.00,            20300,              116,              106
FUTSTK    ,PNB       ,28/07/2026,00000110.72,00000112.20,00000110.72,00000111.71,000000092000000,     9271175280.00,         83152000,            10394,             6849
FUTSTK    ,PNB       ,25/08/2026,00000111.55,00000112.74,00000111.32,00000112.35,000000269384000,     9937165760.00,         88648000,            11081,             7418
FUTSTK    ,PNB       ,29/09/2026,00000112.49,00000113.33,00000112.10,00000112.99,000000014152000,      198472400.00,          1760000,              220,              201
FUTSTK    ,PNBHOUSING,28/07/2026,00001055.30,00001085.00,00001051.00,00001078.40,000000002425800,     2773550325.00,          2590900,             3986,             3260
FUTSTK    ,PNBHOUSING,25/08/2026,00001056.60,00001082.80,00001048.90,00001076.20,000000006607250,     3561900095.00,          3333200,             5128,             4048
FUTSTK    ,PNBHOUSING,29/09/2026,00001069.40,00001086.00,00001061.20,00001084.00,000000000022750,       11855025.00,            11050,               17,               16
FUTSTK    ,POLICYBZR ,28/07/2026,00001541.90,00001560.00,00001537.40,00001553.30,000000004095000,     4697944965.00,          3029600,             8656,             5074
FUTSTK    ,POLICYBZR ,25/08/2026,00001559.70,00001568.50,00001546.00,00001561.20,000000008158500,     4754190280.00,          3049550,             8713,             5092
FUTSTK    ,POLICYBZR ,29/09/2026,00001555.90,00001571.00,00001555.90,00001567.00,000000000040950,        9307865.00,             5950,               17,               16
FUTSTK    ,POLYCAB   ,28/07/2026,00009063.00,00009063.00,00008954.50,00009027.00,000000000705000,     7388785500.00,           819000,             6552,             5791
FUTSTK    ,POLYCAB   ,25/08/2026,00009048.50,00009096.00,00009000.00,00009061.00,000000001993000,     8187321062.50,           903875,             7231,             6275
FUTSTK    ,POLYCAB   ,29/09/2026,00009022.00,00009126.00,00009022.00,00009106.50,000000000039750,      161604937.50,            17750,              142,              109
FUTSTK    ,POWERGRID ,28/07/2026,00000289.85,00000290.80,00000286.80,00000288.65,000000021072900,     4727697990.00,         16395100,             8629,             6109
FUTSTK    ,POWERGRID ,25/08/2026,00000289.50,00000291.40,00000287.60,00000289.15,000000038556700,     4379994665.00,         15160100,             7979,             6237
FUTSTK    ,POWERGRID ,29/09/2026,00000291.45,00000292.60,00000288.95,00000290.70,000000012944700,      528937770.00,          1820200,              958,              279
FUTSTK    ,POWERINDIA,28/07/2026,00031185.00,00031780.00,00030920.00,00031580.00,000000000162650,     4990728250.00,           158600,             6344,             5255
FUTSTK    ,POWERINDIA,25/08/2026,00031490.00,00031960.00,00031105.00,00031760.00,000000000451275,     6447378750.00,           203700,             8148,             6853
FUTSTK    ,POWERINDIA,29/09/2026,00031390.00,00032000.00,00031325.00,00031900.00,000000000003000,       60423500.00,             1900,               76,               72
FUTSTK    ,PREMIERENE,28/07/2026,00001012.30,00001043.00,00001012.30,00001040.50,000000000843700,     2308175675.00,          2236650,             3441,             2584
FUTSTK    ,PREMIERENE,25/08/2026,00001035.60,00001040.40,00001012.00,00001038.30,000000006160700,     2551815370.00,          2483650,             3821,             2945
FUTSTK    ,PREMIERENE,29/09/2026,00001027.50,00001035.60,00001013.00,00001034.70,000000000056550,       23945025.00,            23400,               36,               29
FUTSTK    ,PRESTIGE  ,28/07/2026,00001607.90,00001649.90,00001592.40,00001642.40,000000000982800,     2707368030.00,          1657800,             3684,             2973
FUTSTK    ,PRESTIGE  ,25/08/2026,00001610.00,00001650.70,00001607.50,00001648.00,000000004577850,     3065288445.00,          1870650,             4157,             3326
FUTSTK    ,PRESTIGE  ,29/09/2026,00001639.20,00001657.00,00001639.20,00001656.80,000000000012600,       11870190.00,             7200,               16,               16
FUTSTK    ,VBL       ,28/07/2026,00000461.35,00000465.00,00000453.70,00000464.00,000000018107550,     6320869492.50,         13755975,            10789,             8486
FUTSTK    ,VBL       ,25/08/2026,00000460.75,00000467.50,00000455.65,00000465.95,000000045652650,     7890685256.25,         17091375,            13405,            10393
FUTSTK    ,VBL       ,29/09/2026,00000462.55,00000470.00,00000459.00,00000469.05,000000000573750,      146592296.25,           314925,              247,              188
FUTSTK    ,VEDL      ,28/07/2026,00000266.05,00000268.30,00000264.40,00000265.35,000000025151650,     5700287570.00,         21404950,            18613,            11360
FUTSTK    ,VEDL      ,25/08/2026,00000268.40,00000269.60,00000265.55,00000266.55,000000040214350,     5866894395.00,         21946600,            19084,            11535
FUTSTK    ,VEDL      ,29/09/2026,00000270.15,00000271.05,00000267.30,00000268.10,000000000844100,       44541627.50,           165600,              144,              136
FUTSTK    ,VMM       ,28/07/2026,00000109.22,00000110.65,00000107.16,00000110.34,000000009544800,     1191470254.50,         10965850,             2261,             2047
FUTSTK    ,VMM       ,25/08/2026,00000110.00,00000110.49,00000107.65,00000110.24,000000038848500,     1599019780.00,         14671250,             3025,             2723
FUTSTK    ,VMM       ,29/09/2026,00000108.66,00000111.00,00000108.40,00000110.76,000000004636600,       94177494.00,           853600,              176,              161
FUTSTK    ,VOLTAS    ,28/07/2026,00001329.50,00001343.50,00001311.10,00001321.20,000000002387250,     2747797725.00,          2075250,             5534,             4468
FUTSTK    ,VOLTAS    ,25/08/2026,00001342.50,00001351.80,00001316.00,00001327.10,000000006651000,     3265633275.00,          2454375,             6545,             5264
FUTSTK    ,VOLTAS    ,29/09/2026,00001346.20,00001346.20,00001325.80,00001329.60,000000000070875,       21959700.00,            16500,               44,               41
FUTSTK    ,ZYDUSLIFE ,28/07/2026,00001113.00,00001125.80,00001098.80,00001110.40,000000001588500,     2548818360.00,          2292300,             2547,             2144
FUTSTK    ,ZYDUSLIFE ,25/08/2026,00001120.00,00001132.60,00001112.00,00001115.50,000000009036000,     3026350980.00,          2708100,             3009,             2564
FUTSTK    ,ZYDUSLIFE ,29/09/2026,00001135.00,00001135.00,00001119.80,00001123.00,000000000074700,       29364750.00,            26100,               29,               27
FUTSTK    ,BAJAJ-AUTO,28/07/2026,00011146.50,00011262.00,00011117.50,00011210.50,000000000844950,     5734841325.00,           511875,             6825,             5762
FUTSTK    ,BAJAJ-AUTO,25/08/2026,00011220.00,00011327.00,00011167.50,00011262.00,000000001906800,     7140364425.00,           634275,             8457,             7313
FUTSTK    ,BAJAJ-AUTO,29/09/2026,00011267.50,00011340.00,00011195.00,00011281.00,000000000018450,       80305387.50,             7125,               95,               81
FUTSTK    ,BAJAJFINSV,28/07/2026,00001883.20,00001918.70,00001883.20,00001911.20,000000004018800,     5809461630.00,          3048600,            10162,             9169
FUTSTK    ,BAJAJFINSV,25/08/2026,00001900.00,00001931.00,00001896.60,00001924.40,000000008477100,     6621525690.00,          3454800,            11516,            10135
FUTSTK    ,BAJAJFINSV,29/09/2026,00001915.00,00001942.40,00001915.00,00001939.20,000000001581900,       37641420.00,            19500,               65,               62
FUTSTK    ,BAJAJHLDNG,28/07/2026,00010734.00,00010846.00,00010625.00,00010818.00,000000000074325,     1216490400.00,           113250,             1510,             1326
FUTSTK    ,BAJAJHLDNG,25/08/2026,00010706.00,00010887.00,00010670.00,00010864.00,000000000313575,     1176265425.00,           108975,             1453,             1218
FUTSTK    ,BAJAJHLDNG,29/09/2026,00010730.00,00010890.00,00010700.00,00010890.00,000000000002400,        8062950.00,              750,               10,               10
FUTSTK    ,BAJFINANCE,28/07/2026,00001030.90,00001049.60,00001026.90,00001047.30,000000023800500,    21665339175.00,         20813250,            27751,            19137
FUTSTK    ,BAJFINANCE,25/08/2026,00001038.00,00001056.20,00001035.00,00001053.20,000000061882500,    23753887050.00,         22695750,            30261,            21210
FUTSTK    ,BAJFINANCE,29/09/2026,00001045.10,00001060.00,00001041.30,00001059.00,000000011521500,      767143200.00,           725250,              967,              172
FUTSTK    ,BANDHANBNK,28/07/2026,00000167.11,00000170.50,00000167.00,00000169.36,000000028162800,     5300488440.00,         31291200,             8692,             6139
FUTSTK    ,BANDHANBNK,25/08/2026,00000168.80,00000169.75,00000166.01,00000168.63,000000117601200,     5524533468.00,         32742000,             9095,             6516
FUTSTK    ,BANDHANBNK,29/09/2026,00000167.85,00000170.59,00000167.85,00000169.65,000000003578400,      102074184.00,           601200,              167,              147
FUTSTK    ,BANKBARODA,28/07/2026,00000242.75,00000247.75,00000242.30,00000244.45,000000038294100,     9048690933.75,         36878400,            12608,             8886
FUTSTK    ,BANKBARODA,25/08/2026,00000244.00,00000249.35,00000243.35,00000245.70,000000115756875,    11385396067.50,         46171125,            15785,            11501
FUTSTK    ,BANKBARODA,29/09/2026,00000245.70,00000250.55,00000245.70,00000247.30,000000004867200,      185760461.25,           748800,              256,              238
FUTSTK    ,BANKINDIA ,28/07/2026,00000144.10,00000144.43,00000136.41,00000137.76,000000043560400,     5604076608.00,         40232400,             7737,             6038
FUTSTK    ,BANKINDIA ,25/08/2026,00000145.00,00000145.00,00000137.25,00000138.53,000000084385600,     8489707408.00,         60522800,            11639,             8542
FUTSTK    ,BANKINDIA ,29/09/2026,00000144.60,00000144.60,00000138.35,00000139.45,000000002579200,      241625072.00,          1710800,              329,              291
FUTSTK    ,BDL       ,28/07/2026,00001249.90,00001264.00,00001234.90,00001256.40,000000001986450,     4119189335.00,          3296300,             7756,             6632
FUTSTK    ,BDL       ,25/08/2026,00001217.80,00001228.00,00001204.10,00001224.70,000000006567525,     4284323935.00,          3519425,             8281,             7090
FUTSTK    ,BDL       ,29/09/2026,00001206.50,00001212.20,00001193.00,00001209.40,000000000313225,      116846440.00,            96900,              228,              208
FUTSTK    ,BEL       ,28/07/2026,00000409.20,00000409.20,00000404.30,00000406.85,000000046021800,    10275663813.75,         25317975,            17767,            12152
FUTSTK    ,BEL       ,25/08/2026,00000409.45,00000409.55,00000405.90,00000408.35,000000078285225,    11884129785.00,         29165475,            20467,            13817
FUTSTK    ,BEL       ,29/09/2026,00000410.40,00000412.00,00000408.50,00000411.05,000000013034475,      354647943.75,           864975,              607,              550
FUTSTK    ,BHARATFORG,28/07/2026,00002178.00,00002190.10,00002155.70,00002182.00,000000001619500,     5736915900.00,          2644000,             5288,             4712
FUTSTK    ,BHARATFORG,25/08/2026,00002185.00,00002201.90,00002165.40,00002195.40,000000007021500,     6634782700.00,          3041500,             6083,             5437
FUTSTK    ,BHARATFORG,29/09/2026,00002179.70,00002203.00,00002171.00,00002202.00,000000000040000,       72167700.00,            33000,               66,               45
FUTSTK    ,BHARTIARTL,28/07/2026,00001893.30,00001917.50,00001890.00,00001906.50,000000012198475,    16797717362.50,          8824550,            18578,            11207
FUTSTK    ,BHARTIARTL,25/08/2026,00001910.00,00001928.50,00001902.80,00001917.50,000000055171725,    19644716740.00,         10261900,            21604,            13543
FUTSTK    ,BHARTIARTL,29/09/2026,00001924.00,00001940.00,00001915.00,00001929.00,000000000344850,      146439317.50,            76000,              160,              153
FUTSTK    ,BHEL      ,28/07/2026,00000419.50,00000421.90,00000413.60,00000416.95,000000031410750,    11827578393.75,         28423500,            10828,             7478
FUTSTK    ,BHEL      ,25/08/2026,00000421.50,00000424.00,00000415.85,00000418.90,000000072161250,    12671419818.75,         30295125,            11541,             7863
FUTSTK    ,BHEL      ,29/09/2026,00000424.70,00000426.50,00000418.80,00000421.25,000000002761500,       77511525.00,           183750,               70,               59
FUTSTK    ,BIOCON    ,28/07/2026,00000438.05,00000438.05,00000433.95,00000436.95,000000018400000,     6545516125.00,         15010000,             6004,             4523
FUTSTK    ,BIOCON    ,25/08/2026,00000436.00,00000440.40,00000436.00,00000439.15,000000041932500,     6537714750.00,         14912500,             5965,             4523
FUTSTK    ,BIOCON    ,29/09/2026,00000441.00,00000442.50,00000439.10,00000441.55,000000000540000,       43010250.00,            97500,               39,               30
FUTSTK    ,BLUESTARCO,28/07/2026,00001620.00,00001672.40,00001620.00,00001648.40,000000000682825,     1744218612.50,          1053325,             3241,             2947
FUTSTK    ,BLUESTARCO,25/08/2026,00001656.20,00001668.70,00001634.50,00001638.90,000000003017300,     1974791747.50,          1199900,             3692,             3325
FUTSTK    ,BLUESTARCO,29/09/2026,00001650.00,00001655.80,00001631.00,00001636.60,000000000014950,        6400842.50,             3900,               12,               12
FUTSTK    ,BOSCHLTD  ,28/07/2026,00042085.00,00042100.00,00041305.00,00041425.00,000000000022625,     2611915625.00,            62875,             2515,             1920
FUTSTK    ,BOSCHLTD  ,25/08/2026,00041970.00,00042150.00,00041150.00,00041250.00,000000000194500,     2801915125.00,            67575,             2703,             2059
FUTSTK    ,BOSCHLTD  ,29/09/2026,00041945.00,00042370.00,00041400.00,00041425.00,000000000001300,       40666750.00,              975,               39,               36
FUTSTK    ,BPCL      ,28/07/2026,00000316.00,00000318.90,00000313.80,00000316.90,000000019088375,     4027521021.25,         12744675,             6453,             4090
FUTSTK    ,BPCL      ,25/08/2026,00000318.00,00000320.80,00000314.80,00000318.60,000000036306425,     4820188160.00,         15171950,             7682,             5056
FUTSTK    ,BPCL      ,29/09/2026,00000319.70,00000321.30,00000317.50,00000320.65,000000001325225,      168162560.00,           527325,              267,              210
FUTSTK    ,BRITANNIA ,28/07/2026,00005352.00,00005438.50,00005330.50,00005383.00,000000000597125,     3873493500.00,           720875,             5767,             4484
FUTSTK    ,BRITANNIA ,25/08/2026,00005320.50,00005374.00,00005278.00,00005325.00,000000001938000,     4267497375.00,           803000,             6424,             5114
FUTSTK    ,BRITANNIA ,29/09/2026,00005375.00,00005395.00,00005315.00,00005359.00,000000000036000,       20076625.00,             3750,               30,               25
FUTSTK    ,BSE       ,28/07/2026,00003574.90,00003583.30,00003499.30,00003542.80,000000003466600,     9672782740.00,          2737400,            13687,             9802
FUTSTK    ,BSE       ,25/08/2026,00003600.00,00003601.00,00003516.40,00003560.60,000000006398000,    11608659320.00,          3268200,            16341,            12006
FUTSTK    ,BSE       ,29/09/2026,00003610.00,00003610.00,00003538.00,00003581.60,000000000262600,      480270000.00,           134400,              672,              554
FUTSTK    ,EICHERMOT ,28/07/2026,00007650.50,00007842.50,00007633.50,00007773.00,000000000895400,     7423765200.00,           958100,             9581,             8340
FUTSTK    ,EICHERMOT ,25/08/2026,00007587.00,00007815.00,00007587.00,00007743.00,000000003883000,     9091781500.00,          1178000,            11780,            10211
FUTSTK    ,EICHERMOT ,29/09/2026,00007684.00,00007856.00,00007670.00,00007790.00,000000000396400,       70744150.00,             9100,               91,               81
FUTSTK    ,ETERNAL   ,28/07/2026,00000282.30,00000296.35,00000281.50,00000294.60,000000062766275,    17740027845.00,         60663800,            25016,            17315
FUTSTK    ,ETERNAL   ,25/08/2026,00000283.30,00000298.00,00000283.30,00000296.50,000000144268100,    21135059127.50,         71908525,            29653,            20238
FUTSTK    ,ETERNAL   ,29/09/2026,00000287.50,00000299.50,00000287.05,00000298.70,000000005866075,      518452026.25,          1758125,              725,              587
FUTSTK    ,EXIDEIND  ,28/07/2026,00000442.55,00000444.20,00000423.00,00000426.95,000000013667400,     2586295890.00,          5956200,             3309,             3062
FUTSTK    ,JINDALSTEL,28/07/2026,00001052.00,00001067.00,00001042.60,00001065.00,000000004741250,     5258861000.00,          4955000,             7928,             6153
FUTSTK    ,JINDALSTEL,25/08/2026,00001061.60,00001072.00,00001045.20,00001069.60,000000010549375,     5911731250.00,          5550625,             8881,             6530
FUTSTK    ,JINDALSTEL,29/09/2026,00001062.00,00001078.70,00001060.00,00001076.00,000000000620000,       42846312.50,            40000,               64,               60
FUTSTK    ,JIOFIN    ,28/07/2026,00000236.00,00000237.30,00000235.41,00000236.43,000000062380750,    10440404807.50,         44205850,            18811,            12698
FUTSTK    ,JIOFIN    ,25/08/2026,00000237.50,00000237.70,00000236.10,00000237.10,000000146120650,    10596573376.00,         44744000,            19040,            12778
FUTSTK    ,JIOFIN    ,29/09/2026,00000239.00,00000239.01,00000237.58,00000238.54,000000014508900,      275553080.50,          1156200,              492,              462
FUTSTK    ,JSWENERGY ,28/07/2026,00000557.30,00000558.70,00000549.00,00000550.95,000000006074825,     4320674991.25,          7831375,             7285,             4261
FUTSTK    ,JSWENERGY ,25/08/2026,00000558.75,00000560.80,00000551.20,00000553.35,000000021538700,     4599043177.50,          8302225,             7723,             4651
FUTSTK    ,JSWENERGY ,29/09/2026,00000558.00,00000559.00,00000555.00,00000557.95,000000000109650,       18000015.00,            32250,               30,               17
FUTSTK    ,JSWSTEEL  ,28/07/2026,00001233.80,00001247.60,00001233.00,00001243.20,000000008133750,     7808621062.50,          6290325,             9319,             5203
FUTSTK    ,JSWSTEEL  ,25/08/2026,00001254.20,00001256.00,00001240.50,00001250.40,000000037412550,     8367165000.00,          6702075,             9929,             5834
FUTSTK    ,JSWSTEEL  ,29/09/2026,00001257.30,00001264.50,00001247.90,00001262.80,000000001208925,       52569742.50,            41850,               62,               48
FUTSTK    ,JUBLFOOD  ,28/07/2026,00000422.00,00000429.40,00000421.95,00000428.50,000000007423750,     3596128312.50,          8437500,             6750,             4169
FUTSTK    ,JUBLFOOD  ,25/08/2026,00000422.00,00000428.90,00000419.80,00000427.75,000000016788750,     3898009625.00,          9148750,             7319,             4713
FUTSTK    ,JUBLFOOD  ,29/09/2026,00000418.90,00000428.40,00000418.90,00000428.20,000000000817500,      120137937.50,           282500,              226,              211
FUTSTK    ,KALYANKJIL,28/07/2026,00000574.20,00000585.00,00000562.85,00000564.60,000000011375100,     8080576200.00,         14146650,            10479,             7414
FUTSTK    ,KALYANKJIL,25/08/2026,00000576.00,00000586.95,00000565.60,00000567.40,000000022640850,     8484655230.00,         14820300,            10978,             8047
FUTSTK    ,KALYANKJIL,29/09/2026,00000576.00,00000587.00,00000565.10,00000566.40,000000000635850,      106471732.50,           186300,              138,              131
FUTSTK    ,KAYNES    ,28/07/2026,00003219.90,00003224.90,00003170.50,00003187.80,000000000947700,     5356490805.00,          1677750,            11185,             7662
FUTSTK    ,KAYNES    ,25/08/2026,00003152.00,00003169.70,00003110.50,00003150.00,000000003497100,     5292827865.00,          1686900,            11246,             7664
FUTSTK    ,KAYNES    ,29/09/2026,00003099.00,00003152.10,00003083.00,00003137.10,000000000124500,      198421740.00,            63600,              424,              389
FUTSTK    ,KEI       ,28/07/2026,00004917.00,00004992.00,00004866.00,00004893.00,000000000302225,     3625300000.00,           736750,             4210,             3228
FUTSTK    ,KEI       ,25/08/2026,00004891.50,00004913.50,00004816.50,00004862.00,000000002037700,     3781088937.50,           775775,             4433,             3361
FUTSTK    ,KEI       ,29/09/2026,00004854.00,00004883.00,00004803.00,00004838.00,000000000011725,       11044950.00,             2275,               13,               12
FUTSTK    ,KFINTECH  ,28/07/2026,00000877.15,00000954.40,00000867.10,00000948.90,000000002025725,     4527232398.75,          4886350,             8498,             7816
FUTSTK    ,KFINTECH  ,25/08/2026,00000859.40,00000949.00,00000855.05,00000937.00,000000003695525,     6428958045.00,          6962675,            12109,            10701
FUTSTK    ,KFINTECH  ,29/09/2026,00000860.00,00000946.10,00000860.00,00000933.70,000000000115575,      141478951.25,           155250,              270,              251
FUTSTK    ,KOTAKBANK ,28/07/2026,00000388.90,00000388.90,00000384.40,00000385.65,000000059718000,    16105513600.00,         41784000,            20892,            13861
FUTSTK    ,KOTAKBANK ,25/08/2026,00000389.50,00000390.60,00000385.65,00000387.70,000000167272000,    18026882700.00,         46520000,            23260,            15531
FUTSTK    ,KOTAKBANK ,29/09/2026,00000391.55,00000393.15,00000389.00,00000390.30,000000033018000,      152210900.00,           390000,              195,              184
FUTSTK    ,KPITTECH  ,28/07/2026,00000586.05,00000594.25,00000581.40,00000586.25,000000002939575,     3706864757.50,          6311600,             8144,             6780
FUTSTK    ,KPITTECH  ,25/08/2026,00000577.15,00000589.10,00000573.45,00000584.95,000000010838375,     4426917063.75,          7592675,             9797,             8058
FUTSTK    ,KPITTECH  ,29/09/2026,00000572.00,00000585.00,00000568.90,00000581.50,000000001430650,      232520111.25,           402225,              519,              397
FUTSTK    ,360ONE    ,28/07/2026,00001114.90,00001135.00,00001097.50,00001131.60,000000001449500,     1285358750.00,          1142000,             2284,             1931
FUTSTK    ,360ONE    ,25/08/2026,00001123.40,00001140.00,00001107.10,00001136.60,000000003917500,     1749356850.00,          1546000,             3092,             2582
FUTSTK    ,360ONE    ,29/09/2026,00001129.70,00001143.30,00001129.70,00001143.00,000000000016500,        8541150.00,             7500,               15,               14
FUTSTK    ,ABB       ,28/07/2026,00007402.00,00007403.00,00007232.50,00007331.50,000000000779500,     5333452937.50,           730500,             5844,             5127
FUTSTK    ,ABB       ,25/08/2026,00007380.50,00007380.50,00007225.00,00007335.50,000000001913625,     6926775437.50,           949500,             7596,             6382
FUTSTK    ,ABB       ,29/09/2026,00007320.00,00007323.00,00007220.00,00007312.50,000000000029875,       48251250.00,             6625,               53,               42
FUTSTK    ,ABCAPITAL ,28/07/2026,00000395.10,00000400.50,00000394.05,00000399.95,000000011113500,     3882745970.00,          9768100,             3151,             2845
FUTSTK    ,ABCAPITAL ,25/08/2026,00000397.05,00000402.95,00000397.00,00000402.25,000000030814000,     4307947705.00,         10775600,             3476,             3129
FUTSTK    ,ABCAPITAL ,29/09/2026,00000398.00,00000404.65,00000398.00,00000404.40,000000000375100,       54848610.00,           136400,               44,               41
FUTSTK    ,ADANIENSOL,28/07/2026,00001712.70,00001716.80,00001676.70,00001701.20,000000008650800,     9900079267.50,          5855625,             8675,             6119
FUTSTK    ,ADANIENSOL,25/08/2026,00001725.10,00001725.10,00001684.00,00001710.90,000000017176725,    11820382042.50,          6955875,            10305,             6845
FUTSTK    ,ADANIENSOL,29/09/2026,00001720.70,00001733.40,00001696.10,00001697.80,000000000068175,       46303515.00,            27000,               40,               36
FUTSTK    ,ADANIENT  ,28/07/2026,00003056.00,00003056.00,00003007.10,00003045.00,000000006833844,    16573462818.00,          5474553,            17717,             8646
FUTSTK    ,ADANIENT  ,25/08/2026,00003055.50,00003071.80,00003024.00,00003058.90,000000014324931,    17138266181.40,          5631216,            18224,             8934
FUTSTK    ,ADANIENT  ,29/09/2026,00003088.30,00003088.30,00003046.10,00003076.90,000000000477096,      107954433.90,            35226,              114,              104
FUTSTK    ,ADANIGREEN,28/07/2026,00001417.00,00001419.40,00001386.80,00001401.00,000000008862600,    10212952020.00,          7301400,            12169,             6839
FUTSTK    ,ADANIGREEN,25/08/2026,00001420.00,00001427.00,00001397.70,00001408.30,000000022130400,    11925837360.00,          8477400,            14129,             8308
FUTSTK    ,ADANIGREEN,29/09/2026,00001428.40,00001432.50,00001406.30,00001417.40,000000000235800,      107120160.00,            75600,              126,              113
FUTSTK    ,ADANIPORTS,28/07/2026,00001780.00,00001784.00,00001755.00,00001772.80,000000004987500,     7962022010.00,          4507275,             9489,             6381
FUTSTK    ,ADANIPORTS,25/08/2026,00001791.00,00001795.00,00001764.60,00001782.40,000000017236325,     9122150182.50,          5137125,            10815,             8108
FUTSTK    ,ADANIPORTS,29/09/2026,00001796.00,00001798.60,00001775.20,00001791.90,000000002158400,     1144768620.00,           639825,             1347,              428
FUTSTK    ,ADANIPOWER,28/07/2026,00000214.30,00000216.00,00000212.95,00000214.18,000000061762900,    10207628216.50,         47697800,            13436,             8582
FUTSTK    ,ADANIPOWER,25/08/2026,00000216.00,00000217.20,00000214.13,00000215.31,000000127182300,    10755705297.00,         49991100,            14082,             8871
FUTSTK    ,ADANIPOWER,29/09/2026,00000218.00,00000218.31,00000215.47,00000216.61,000000007593450,       83082496.00,           383400,              108,              103
FUTSTK    ,ALKEM     ,28/07/2026,00005612.50,00005689.50,00005590.50,00005606.50,000000000758250,     3672242437.50,           652875,             5223,             3810
FUTSTK    ,ALKEM     ,25/08/2026,00005699.00,00005712.50,00005615.50,00005631.00,000000001324000,     3874789500.00,           686125,             5489,             3944
FUTSTK    ,ALKEM     ,29/09/2026,00005721.00,00005729.00,00005660.00,00005679.00,000000000004125,       12802812.50,             2250,               18,               17
FUTSTK    ,AMBER     ,28/07/2026,00007247.00,00007356.50,00007247.00,00007308.50,000000000535000,     3889965550.00,           531500,             5315,             3828
FUTSTK    ,AMBER     ,25/08/2026,00007247.00,00007369.50,00007247.00,00007308.50,000000001097100,     4185313200.00,           571800,             5718,             3926
FUTSTK    ,AMBER     ,29/09/2026,00007269.50,00007369.00,00007260.00,00007331.00,000000000010100,       19072700.00,             2600,               26,               26
FUTSTK    ,AMBUJACEM ,28/07/2026,00000428.60,00000433.00,00000424.25,00000431.60,000000031726800,    11527495320.00,         26761200,            22301,             9416
FUTSTK    ,AMBUJACEM ,25/08/2026,00000427.55,00000436.10,00000425.40,00000433.85,000000069157200,    12242817120.00,         28276800,            23564,            10249
FUTSTK    ,AMBUJACEM ,29/09/2026,00000428.95,00000438.00,00000427.85,00000436.60,000000002175600,      349872000.00,           802800,              669,              610
FUTSTK    ,ANGELONE  ,28/07/2026,00000310.05,00000312.35,00000304.60,00000305.50,000000009065000,     2869807500.00,          9322500,             3729,             3123
FUTSTK    ,ANGELONE  ,25/08/2026,00000312.65,00000312.65,00000306.00,00000306.60,000000022495000,     3569686625.00,         11580000,             4632,             3899
FUTSTK    ,ANGELONE  ,29/09/2026,00000311.80,00000312.05,00000307.70,00000308.40,000000000755000,       47315500.00,           152500,               61,               57
FUTSTK    ,APLAPOLLO ,28/07/2026,00001836.70,00001865.20,00001826.00,00001850.10,000000002084250,     3117939300.00,          1680700,             4802,             2606
FUTSTK    ,APLAPOLLO ,25/08/2026,00001845.00,00001874.90,00001825.10,00001858.00,000000003857350,     3114940465.00,          1671250,             4775,             2714
FUTSTK    ,APLAPOLLO ,29/09/2026,00001847.40,00001878.10,00001847.40,00001864.00,000000000457100,      277227265.00,           148400,              424,              250
FUTSTK    ,APOLLOHOSP,28/07/2026,00008790.00,00008865.00,00008752.50,00008849.50,000000000427750,     3953196437.50,           448625,             3589,             3107
FUTSTK    ,APOLLOHOSP,25/08/2026,00008806.50,00008900.50,00008793.50,00008891.00,000000001870750,     4387155812.50,           495625,             3965,             3500
FUTSTK    ,APOLLOHOSP,29/09/2026,00008905.50,00008958.50,00008848.00,00008942.50,000000000360875,       80131125.00,             9000,               72,               67
FUTSTK    ,ASHOKLEY  ,28/07/2026,00000154.29,00000155.50,00000153.03,00000155.32,000000060555000,     7701181750.00,         49970000,             9994,             7284
FUTSTK    ,ASHOKLEY  ,25/08/2026,00000154.98,00000156.40,00000153.77,00000156.14,000000125650000,     8990474100.00,         58005000,            11601,             8664
FUTSTK    ,ASHOKLEY  ,29/09/2026,00000155.65,00000157.26,00000154.86,00000157.09,000000003020000,      188591400.00,          1210000,              242,              208
FUTSTK    ,ASIANPAINT,28/07/2026,00002665.00,00002725.90,00002665.00,00002710.00,000000002779750,    10438810150.00,          3848000,            15392,             9857
FUTSTK    ,ASIANPAINT,25/08/2026,00002665.20,00002740.70,00002665.20,00002725.70,000000007021500,    10787105400.00,          3955250,            15821,            10089
FUTSTK    ,ASIANPAINT,29/09/2026,00002721.00,00002755.00,00002721.00,00002744.30,000000001296500,       63802425.00,            23250,               93,               88
FUTSTK    ,ASTRAL    ,28/07/2026,00001480.00,00001484.90,00001446.40,00001461.30,000000001619675,     4391782295.00,          2990300,             7036,             6223
FUTSTK    ,ASTRAL    ,25/08/2026,00001439.00,00001446.80,00001422.00,00001430.30,000000007133625,     4743253172.50,          3301400,             7768,             6760
FUTSTK    ,ASTRAL    ,29/09/2026,00001408.00,00001429.00,00001408.00,00001419.90,000000000094775,       72375332.50,            51000,              120,              116
FUTSTK    ,AUBANK    ,28/07/2026,00001019.00,00001060.80,00001019.00,00001050.90,000000007710000,     9804739000.00,          9401000,             9401,             7226
FUTSTK    ,AUBANK    ,25/08/2026,00001029.00,00001066.20,00001026.60,00001055.60,000000021791000,    13110814600.00,         12519000,            12519,             9641
FUTSTK    ,AUBANK    ,29/09/2026,00001049.30,00001071.00,00001037.90,00001062.50,000000002351000,      237250900.00,           225000,              225,              195
FUTSTK    ,AUROPHARMA,28/07/2026,00001525.00,00001568.90,00001525.00,00001551.20,000000003310450,     4759532690.00,          3057450,             5559,             4071
FUTSTK    ,AUROPHARMA,25/08/2026,00001540.40,00001577.40,00001540.40,00001558.50,000000009155850,     4697845350.00,          3002450,             5459,             3983
FUTSTK    ,AUROPHARMA,29/09/2026,00001563.40,00001584.60,00001563.40,00001579.70,000000000035200,       33742115.00,            21450,               39,               30
FUTSTK    ,AXISBANK  ,28/07/2026,00001239.00,00001239.00,00001222.10,00001228.70,000000027729375,    23496224312.50,         19142500,            30628,            20023
FUTSTK    ,AXISBANK  ,25/08/2026,00001246.70,00001246.70,00001229.50,00001235.70,000000072073750,    24807339312.50,         20095625,            32153,            21223
FUTSTK    ,AXISBANK  ,29/09/2026,00001248.10,00001248.50,00001237.20,00001243.10,000000006277500,      281868125.00,           226875,              363,              362
FUTSTK    ,OBEROIRLTY,28/07/2026,00001831.10,00001853.80,00001821.20,00001830.00,000000001794800,     4192901790.00,          2286200,             6532,             4433
FUTSTK    ,OBEROIRLTY,25/08/2026,00001825.00,00001846.20,00001812.20,00001839.70,000000005203800,     4768946455.00,          2598400,             7424,             5185
FUTSTK    ,OBEROIRLTY,29/09/2026,00001818.00,00001834.60,00001815.00,00001834.60,000000000047600,        9576840.00,             5250,               15,               15
FUTSTK    ,OFSS      ,28/07/2026,00010667.00,00011189.00,00010667.00,00011120.00,000000000257100,     6724194600.00,           607200,             6072,             5512
FUTSTK    ,OFSS      ,25/08/2026,00010799.00,00011234.00,00010749.00,00011136.00,000000001173200,     7701281400.00,           693900,             6939,             6226
FUTSTK    ,OFSS      ,29/09/2026,00010899.00,00011224.00,00010854.00,00011151.00,000000000020000,      145140700.00,            13100,              131,              119
FUTSTK    ,OIL       ,28/07/2026,00000446.25,00000447.00,00000438.65,00000441.85,000000004643800,     2477693330.00,          5587400,             3991,             3413
FUTSTK    ,OIL       ,25/08/2026,00000439.30,00000442.60,00000435.00,00000439.00,000000015353800,     2602240830.00,          5913600,             4224,             3616
FUTSTK    ,OIL       ,29/09/2026,00000436.35,00000440.60,00000433.55,00000437.10,000000000190400,       16561580.00,            37800,               27,               21
FUTSTK    ,ONGC      ,28/07/2026,00000246.60,00000248.06,00000237.90,00000238.57,000000043143750,     7028313682.50,         29081250,            12925,            10271
FUTSTK    ,ONGC      ,25/08/2026,00000248.00,00000248.29,00000238.86,00000239.71,000000048195000,     5618525647.50,         23175000,            10300,             8596
FUTSTK    ,ONGC      ,29/09/2026,00000248.00,00000248.74,00000239.60,00000240.36,000000008226000,     1163766960.00,          4776750,             2123,             1179
FUTSTK    ,RADICO    ,28/07/2026,00004125.10,00004199.70,00004122.80,00004151.00,000000000235050,     1286780295.00,           309450,             2063,             1644
FUTSTK    ,RADICO    ,25/08/2026,00004170.00,00004229.00,00004143.60,00004178.10,000000000633300,     2199692745.00,           525600,             3504,             2907
FUTSTK    ,RADICO    ,29/09/2026,00004174.10,00004221.10,00004158.70,00004191.40,000000000008700,       33289560.00,             7950,               53,               42
FUTSTK    ,RBLBANK   ,28/07/2026,00000354.00,00000363.70,00000354.00,00000362.35,000000017618075,     6799323618.75,         18903950,             5954,             4545
FUTSTK    ,RBLBANK   ,25/08/2026,00000360.45,00000364.85,00000358.25,00000363.90,000000039042975,     7502977437.50,         20761325,             6539,             4876
FUTSTK    ,RBLBANK   ,29/09/2026,00000360.55,00000365.15,00000360.00,00000365.00,000000000190500,       16118205.00,            44450,               14,               14
FUTSTK    ,RECLTD    ,28/07/2026,00000361.20,00000368.95,00000357.70,00000368.45,000000021103425,     7821222333.75,         21454650,            13622,             8335
FUTSTK    ,RECLTD    ,25/08/2026,00000355.10,00000365.20,00000355.00,00000364.65,000000038642625,     9219542220.00,         25538625,            16215,            10471
FUTSTK    ,RECLTD    ,29/09/2026,00000361.95,00000367.50,00000357.45,00000367.00,000000001064700,      333197628.75,           921375,              585,              428
FUTSTK    ,RELIANCE  ,28/07/2026,00001286.40,00001289.00,00001276.70,00001279.70,000000044530000,    34348928200.00,         26828500,            53657,            33742
FUTSTK    ,RELIANCE  ,25/08/2026,00001292.50,00001295.20,00001283.40,00001286.50,000000087790500,    36767682300.00,         28564000,            57128,            35066
FUTSTK    ,RELIANCE  ,29/09/2026,00001300.00,00001304.60,00001291.10,00001294.30,000000014533500,     2020496150.00,          1560500,             3121,             2952
FUTSTK    ,RVNL      ,28/07/2026,00000225.13,00000228.40,00000224.14,00000224.43,000000010441200,     2920199128.00,         12912900,             6708,             5241
FUTSTK    ,RVNL      ,25/08/2026,00000224.50,00000226.09,00000221.56,00000223.45,000000027673800,     3174372162.50,         14177625,             7365,             5658
FUTSTK    ,RVNL      ,29/09/2026,00000224.00,00000224.71,00000220.93,00000222.75,000000002548700,      161600419.75,           723800,              376,              343
FUTSTK    ,NAM-INDIA ,28/07/2026,00001130.70,00001158.00,00001116.50,00001152.80,000000000499375,     2260952312.50,          1971875,             3155,             2934
FUTSTK    ,NAM-INDIA ,25/08/2026,00001125.00,00001150.80,00001115.20,00001145.80,000000006672500,     3197078000.00,          2798125,             4477,             4210
FUTSTK    ,NAM-INDIA ,29/09/2026,00001124.90,00001143.00,00001124.90,00001141.60,000000000015000,        7109937.50,             6250,               10,               10
FUTSTK    ,NATIONALUM,28/07/2026,00000347.35,00000347.40,00000338.60,00000339.80,000000018523125,     3904447500.00,         11388750,             6074,             3962
FUTSTK    ,NATIONALUM,25/08/2026,00000347.70,00000348.65,00000340.05,00000341.25,000000035418750,     4085989218.75,         11876250,             6334,             4127
FUTSTK    ,NATIONALUM,29/09/2026,00000347.70,00000348.50,00000340.25,00000341.25,000000000810000,      117943312.50,           343125,              183,              176
FUTSTK    ,NAUKRI    ,28/07/2026,00001173.00,00001204.10,00001173.00,00001193.50,000000005785450,     5636298745.00,          4719000,             8580,             5892
FUTSTK    ,NAUKRI    ,25/08/2026,00001188.00,00001211.90,00001180.50,00001200.90,000000013626800,     7267276720.00,          6046700,            10994,             8076
FUTSTK    ,NAUKRI    ,29/09/2026,00001193.15,00001217.00,00001186.70,00001210.30,000000000275550,       46503792.50,            38500,               70,               55
FUTSTK    ,NBCC      ,28/07/2026,00000094.50,00000095.98,00000094.50,00000095.01,000000047346000,     3967846350.00,         41704000,             6416,             3270
FUTSTK    ,NBCC      ,25/08/2026,00000095.20,00000096.36,00000094.65,00000095.42,000000080255500,     3755558950.00,         39292500,             6045,             2943
FUTSTK    ,NBCC      ,29/09/2026,00000095.75,00000096.66,00000095.39,00000095.71,000000001898000,       39814385.00,           416000,               64,               61
FUTSTK    ,NESTLEIND ,28/07/2026,00001444.00,00001461.30,00001436.10,00001447.40,000000006363000,     7221415200.00,          5000500,            10001,             6552
FUTSTK    ,NESTLEIND ,25/08/2026,00001452.70,00001468.80,00001443.90,00001455.70,000000010311000,     7943686650.00,          5471500,            10943,             7555
FUTSTK    ,NESTLEIND ,29/09/2026,00001475.30,00001475.30,00001453.00,00001466.10,000000001179000,       27777950.00,            19000,               38,               35
FUTSTK    ,NHPC      ,28/07/2026,00000078.94,00000080.04,00000078.38,00000079.76,000000020203650,     3403771118.00,         42944050,             6179,             4557
FUTSTK    ,NHPC      ,25/08/2026,00000077.88,00000078.89,00000077.52,00000078.67,000000126073000,     3565373074.00,         45668450,             6571,             4888
FUTSTK    ,NHPC      ,29/09/2026,00000077.94,00000078.48,00000077.40,00000078.41,000000002230950,       53564692.50,           688050,               99,               84
FUTSTK    ,NMDC      ,28/07/2026,00000084.76,00000084.76,00000083.24,00000083.53,000000146441250,     7806951112.50,         93136500,            13798,             6572
FUTSTK    ,NMDC      ,25/08/2026,00000084.30,00000084.75,00000083.71,00000083.90,000000302109750,     7529975662.50,         89451000,            13252,             5910
FUTSTK    ,NMDC      ,29/09/2026,00000084.00,00000084.30,00000083.30,00000083.48,000000028397250,      647864122.50,          7735500,             1146,             1143
FUTSTK    ,NTPC      ,28/07/2026,00000351.80,00000351.95,00000347.60,00000350.30,000000057628500,    18734964600.00,         53491500,            35661,            19667
FUTSTK    ,NTPC      ,25/08/2026,00000353.00,00000353.30,00000349.25,00000351.65,000000088869000,    17103452550.00,         48624000,            32416,            16455
FUTSTK    ,NTPC      ,29/09/2026,00000355.65,00000355.65,00000348.25,00000350.95,000000027607500,     2109530775.00,          6018000,             4012,             3258
FUTSTK    ,NUVAMA    ,28/07/2026,00001950.10,00002012.00,00001908.10,00001922.40,000000000650500,     1183696750.00,           597500,             1195,             1144
FUTSTK    ,NYKAA     ,28/07/2026,00000319.45,00000328.50,00000319.45,00000327.90,000000018687500,     4446458593.75,         13640625,             4365,             2525
FUTSTK    ,NYKAA     ,25/08/2026,00000327.35,00000329.50,00000325.85,00000329.10,000000042853125,     4669280000.00,         14234375,             4555,             2703
FUTSTK    ,NYKAA     ,29/09/2026,00000329.50,00000330.00,00000327.05,00000329.75,000000000368750,       17483125.00,            53125,               17,               14
FUTSTK    ,TATACONSUM,28/07/2026,00001120.00,00001124.00,00001097.50,00001106.60,000000005309700,     5840389225.00,          5280000,             9600,             7287
FUTSTK    ,TATACONSUM,25/08/2026,00001120.00,00001132.60,00001103.90,00001113.00,000000014191650,     6929016600.00,          6230400,            11328,             8413
FUTSTK    ,TATACONSUM,29/09/2026,00001130.00,00001135.40,00001113.40,00001120.00,000000001799050,       46809620.00,            41800,               76,               71
FUTSTK    ,TATAELXSI ,28/07/2026,00003533.80,00003596.50,00003529.20,00003566.20,000000000857750,     5264039687.50,          1475125,            11801,             9535
FUTSTK    ,TATAELXSI ,25/08/2026,00003529.00,00003581.30,00003499.20,00003563.40,000000002764125,     5556549775.00,          1565500,            12524,             9996
FUTSTK    ,TATAELXSI ,29/09/2026,00003500.90,00003557.00,00003465.70,00003551.00,000000000145000,      155329250.00,            44000,              352,              299
FUTSTK    ,TATAPOWER ,28/07/2026,00000376.85,00000378.55,00000374.05,00000377.30,000000034453450,     4582334587.50,         12195950,             8411,             6399
FUTSTK    ,TATAPOWER ,25/08/2026,00000378.75,00000380.25,00000376.20,00000379.20,000000039748850,     5049733097.50,         13370450,             9221,             6819
FUTSTK    ,TATAPOWER ,29/09/2026,00000381.00,00000383.00,00000378.65,00000381.95,000000004389150,      141187080.00,           371200,              256,              240
FUTSTK    ,TATASTEEL ,28/07/2026,00000184.00,00000185.00,00000183.70,00000184.54,000000059840000,     6825719862.50,         37015000,            13460,             9919
FUTSTK    ,TATASTEEL ,25/08/2026,00000185.70,00000186.14,00000184.60,00000185.45,000000138371750,     7211131895.00,         38907000,            14148,            10454
FUTSTK    ,TATASTEEL ,29/09/2026,00000185.95,00000186.95,00000185.95,00000186.73,000000029485500,      144126977.50,           772750,              281,              240
FUTSTK    ,TCS       ,28/07/2026,00002279.50,00002315.80,00002275.00,00002293.80,000000010632150,    27138846172.50,         11808000,            52480,            31828
FUTSTK    ,TCS       ,25/08/2026,00002288.00,00002325.10,00002276.10,00002306.80,000000033173100,    29558971980.00,         12805650,            56914,            35423
FUTSTK    ,TCS       ,29/09/2026,00002274.00,00002329.00,00002274.00,00002314.40,000000001087200,      731846677.50,           316800,             1408,             1139
FUTSTK    ,TECHM     ,28/07/2026,00001582.10,00001599.20,00001569.90,00001573.30,000000004231800,    10634950920.00,          6720600,            11201,             8614
FUTSTK    ,TECHM     ,25/08/2026,00001575.00,00001599.30,00001572.70,00001578.40,000000017099400,    12275743440.00,          7741200,            12902,            10117
FUTSTK    ,TECHM     ,29/09/2026,00001577.00,00001593.30,00001570.00,00001575.70,000000000134400,      106182540.00,            67200,              112,              101
FUTSTK    ,TIINDIA   ,28/07/2026,00002799.00,00002869.30,00002774.00,00002847.20,000000000396400,     1742204780.00,           612000,             3060,             2409
FUTSTK    ,TIINDIA   ,25/08/2026,00002791.80,00002885.20,00002776.50,00002862.30,000000001820200,     2306429800.00,           806400,             4032,             3309
FUTSTK    ,TIINDIA   ,29/09/2026,00002873.60,00002885.00,00002865.80,00002878.30,000000000006200,        5181140.00,             1800,                9,                9
FUTSTK    ,TITAN     ,28/07/2026,00004710.60,00004741.30,00004685.70,00004731.50,000000002561300,     7447907232.50,          1581475,             9037,             5927
FUTSTK    ,TITAN     ,25/08/2026,00004719.80,00004765.00,00004713.60,00004757.50,000000005042450,     8240348952.50,          1739850,             9942,             6690
FUTSTK    ,TITAN     ,29/09/2026,00004752.30,00004795.00,00004745.20,00004789.80,000000000544075,      181598095.00,            37975,              217,              207
FUTSTK    ,TMPV      ,28/07/2026,00000326.50,00000328.60,00000326.25,00000328.00,000000037534400,     8036047520.00,         24531200,            15332,            11371
FUTSTK    ,TMPV      ,25/08/2026,00000330.30,00000330.40,00000328.05,00000329.65,000000061553600,     8171735440.00,         24824000,            15515,            11585
FUTSTK    ,TMPV      ,29/09/2026,00000331.55,00000332.20,00000330.25,00000331.90,000000006249600,      254408480.00,           768000,              480,              434
FUTSTK    ,TORNTPHARM,28/07/2026,00004955.10,00005075.00,00004955.10,00005032.70,000000000617500,     7137058112.50,          1419375,            11355,             9258
FUTSTK    ,TORNTPHARM,25/08/2026,00004917.70,00005022.70,00004917.70,00004994.20,000000004532625,     7866543112.50,          1580875,            12647,            10238
FUTSTK    ,TORNTPHARM,29/09/2026,00004918.80,00004984.60,00004910.00,00004974.20,000000000007875,       16117937.50,             3250,               26,               22
FUTSTK    ,TRENT     ,28/07/2026,00002924.90,00002960.00,00002911.80,00002948.50,000000001568475,     8750161800.00,          2970450,            13202,            10508
FUTSTK    ,TRENT     ,25/08/2026,00002912.00,00002950.90,00002895.20,00002935.50,000000011271375,     9117216630.00,          3111750,            13830,            10902
FUTSTK    ,TRENT     ,29/09/2026,00002899.70,00002947.60,00002899.70,00002932.50,000000000254475,      232072785.00,            79200,              352,              308
FUTSTK    ,TVSMOTOR  ,28/07/2026,00003882.10,00003892.50,00003843.50,00003877.10,000000002763250,     9501336197.50,          2457000,            14040,            10457
FUTSTK    ,TVSMOTOR  ,25/08/2026,00003895.00,00003916.10,00003866.00,00003901.10,000000011691750,    10280226705.00,          2643025,            15103,            11205
FUTSTK    ,TVSMOTOR  ,29/09/2026,00003913.20,00003930.80,00003891.00,00003925.70,000000000479850,       50709977.50,            12950,               74,               60
FUTSTK    ,ULTRACEMCO,28/07/2026,00011862.00,00011962.00,00011743.00,00011862.00,000000000581800,     6490974000.00,           549000,            10980,             9180
FUTSTK    ,ULTRACEMCO,25/08/2026,00011866.00,00011992.00,00011806.00,00011925.00,000000001544500,     6753914500.00,           568200,            11364,             9142
FUTSTK    ,ULTRACEMCO,29/09/2026,00011959.00,00012011.00,00011916.00,00012002.00,000000000277250,       36498300.00,             3050,               61,               49
FUTSTK    ,UNIONBANK ,28/07/2026,00000171.30,00000173.20,00000169.69,00000170.18,000000030306825,     5499124854.00,         32196300,             7276,             5539
FUTSTK    ,UNIONBANK ,25/08/2026,00000172.51,00000174.23,00000170.62,00000171.09,000000109934700,     5949043366.50,         34638900,             7828,             5900
FUTSTK    ,UNIONBANK ,29/09/2026,00000172.99,00000174.79,00000171.91,00000172.22,000000002712525,       27538633.50,           159300,               36,               36
FUTSTK    ,UNITDSPR  ,28/07/2026,00001483.80,00001502.20,00001469.50,00001481.40,000000002101600,     3977007160.00,          2667600,             6669,             5275
FUTSTK    ,UNITDSPR  ,25/08/2026,00001479.70,00001511.40,00001479.70,00001491.10,000000007584400,     4886528760.00,          3259200,             8148,             6382
FUTSTK    ,UNITDSPR  ,29/09/2026,00001497.80,00001517.00,00001497.80,00001500.30,000000000034800,       38563520.00,            25600,               64,               60
FUTSTK    ,UNOMINDA  ,28/07/2026,00001132.20,00001166.00,00001132.20,00001162.90,000000001114300,     1551029645.00,          1347500,             2450,             2180
FUTSTK    ,UNOMINDA  ,25/08/2026,00001158.90,00001173.90,00001142.40,00001170.20,000000004396150,     2420428450.00,          2087250,             3795,             3211
FUTSTK    ,UNOMINDA  ,29/09/2026,00001148.90,00001170.00,00001143.00,00001167.20,000000000033550,       16543010.00,            14300,               26,               23
FUTSTK    ,UPL       ,28/07/2026,00000608.15,00000611.85,00000606.15,00000609.85,000000012085245,     4336961033.75,          7116460,             5252,             3310
FUTSTK    ,UPL       ,25/08/2026,00000609.95,00000615.05,00000609.25,00000611.95,000000024278890,     4746857002.50,          7751955,             5721,             3700
FUTSTK    ,UPL       ,29/09/2026,00000616.95,00000618.35,00000613.25,00000615.85,000000000188345,       32551571.50,            52845,               39,               39
FUTSTK    ,WAAREEENER,28/07/2026,00002702.40,00002769.90,00002702.40,00002752.80,000000001145200,     7069677877.50,          2568825,            14679,            11025
FUTSTK    ,WAAREEENER,25/08/2026,00002694.60,00002753.70,00002694.60,00002737.70,000000006631975,     7108625580.00,          2602600,            14872,            11149
FUTSTK    ,WAAREEENER,29/09/2026,00002710.00,00002746.20,00002700.00,00002735.80,000000000131600,       93544867.50,            34300,              196,              179
FUTSTK    ,WIPRO     ,28/07/2026,00000177.30,00000179.54,00000175.68,00000179.24,000000079653000,    18639091140.00,        105009000,            35003,            22519
FUTSTK    ,WIPRO     ,25/08/2026,00000174.50,00000175.54,00000172.81,00000175.29,000000278157000,    18552985560.00,        106605000,            35535,            23291
FUTSTK    ,WIPRO     ,29/09/2026,00000172.18,00000174.46,00000171.50,00000174.15,000000009213000,      457441500.00,          2646000,              882,              807
FUTSTK    ,FEDERALBNK,28/07/2026,00000356.00,00000357.50,00000353.90,00000356.05,000000012165000,     7329709375.00,         20615000,             8246,             6835
FUTSTK    ,FEDERALBNK,25/08/2026,00000357.00,00000358.00,00000354.65,00000356.80,000000088197500,     7406257875.00,         20787500,             8315,             6802
FUTSTK    ,FEDERALBNK,29/09/2026,00000358.90,00000359.85,00000357.00,00000359.00,000000007980000,      112100000.00,           312500,              125,              119
FUTSTK    ,FORCEMOT  ,28/07/2026,00017934.00,00017934.00,00017237.00,00017281.00,000000000047950,     1731671200.00,            99375,             3975,             2881
FUTSTK    ,FORCEMOT  ,25/08/2026,00017899.00,00017899.00,00017110.00,00017157.00,000000000263625,     2823635025.00,           163200,             6528,             5023
FUTSTK    ,FORCEMOT  ,29/09/2026,00017550.00,00017575.00,00017122.00,00017160.00,000000000007275,       67256625.00,             3900,              156,              141
FUTSTK    ,FORTIS    ,28/07/2026,00000953.95,00000958.50,00000941.45,00000943.70,000000002842700,     2619932333.75,          2765975,             3569,             2586
FUTSTK    ,FORTIS    ,25/08/2026,00000951.10,00000963.65,00000947.10,00000949.05,000000008022025,     2500286245.00,          2624925,             3387,             2914
FUTSTK    ,FORTIS    ,29/09/2026,00000960.20,00000961.80,00000955.25,00000955.70,000000002945775,      474813398.75,           496000,              640,               40
FUTSTK    ,ICICIBANK ,28/07/2026,00001437.50,00001447.80,00001429.20,00001443.80,000000033130300,    38884171410.00,         27045900,            38637,            32220
FUTSTK    ,ICICIBANK ,25/08/2026,00001437.00,00001442.70,00001424.50,00001439.50,000000099008700,    34440187110.00,         24030300,            34329,            28275
FUTSTK    ,ICICIBANK ,29/09/2026,00001442.00,00001452.30,00001434.10,00001448.90,000000008453900,     2204009360.00,          1526700,             2181,             2131
FUTSTK    ,ICICIGI   ,28/07/2026,00001684.10,00001698.70,00001657.80,00001682.80,000000001784250,     3615563445.00,          2147925,             6609,             5318
FUTSTK    ,ICICIGI   ,25/08/2026,00001667.10,00001696.90,00001662.10,00001680.40,000000004895150,     2696085925.00,          1600950,             4926,             4185
FUTSTK    ,ICICIGI   ,29/09/2026,00001666.00,00001699.50,00001666.00,00001681.80,000000000040300,       19742612.50,            11700,               36,               33
FUTSTK    ,ICICIPRULI,28/07/2026,00000501.00,00000509.90,00000501.00,00000509.30,000000005611975,     3137900301.25,          6188250,             6690,             5532
FUTSTK    ,ICICIPRULI,25/08/2026,00000505.50,00000513.00,00000505.50,00000512.05,000000018445425,     2978117050.00,          5843225,             6317,             5110
FUTSTK    ,ICICIPRULI,29/09/2026,00000511.00,00000515.00,00000510.00,00000514.95,000000000204425,       27042005.00,            52725,               57,               44
FUTSTK    ,IDEA      ,28/07/2026,00000013.11,00000013.27,00000013.03,00000013.10,000001971494925,    20090824839.00,       1528278450,            21382,             8580
FUTSTK    ,IDEA      ,25/08/2026,00000013.25,00000013.36,00000013.12,00000013.17,000005033698350,    20644755374.25,       1561014000,            21840,             8911
FUTSTK    ,IDEA      ,29/09/2026,00000013.34,00000013.45,00000013.23,00000013.27,000000070903200,      252225983.25,         18940875,              265,              243
FUTSTK    ,IDFCFIRSTB,28/07/2026,00000086.10,00000088.80,00000084.76,00000084.95,000000101283000,    16013221276.50,        185314500,            19980,            15041
FUTSTK    ,IDFCFIRSTB,25/08/2026,00000087.28,00000089.10,00000085.07,00000085.24,000000332582950,    22320403994.00,        257436900,            27756,            21402
FUTSTK    ,IDFCFIRSTB,29/09/2026,00000088.46,00000089.75,00000085.57,00000085.73,000000037211300,      369225043.25,          4229400,              456,              414
FUTSTK    ,IEX       ,28/07/2026,00000123.24,00000129.52,00000123.24,00000126.93,000000038440950,     4154854911.00,         32720700,             7522,             5081
FUTSTK    ,IEX       ,25/08/2026,00000125.60,00000130.37,00000125.60,00000127.68,000000056497800,     5009823964.50,         39232650,             9019,             6221
FUTSTK    ,IEX       ,29/09/2026,00000127.25,00000129.78,00000127.24,00000128.58,000000000826500,       47997247.50,           374100,               86,               83
FUTSTK    ,INDHOTEL  ,28/07/2026,00000728.05,00000737.55,00000728.05,00000733.10,000000007497000,     4803491850.00,          6558000,             6558,             5872
FUTSTK    ,INDHOTEL  ,25/08/2026,00000736.00,00000742.00,00000732.50,00000737.05,000000019940000,     4868928800.00,          6612000,             6612,             5847
FUTSTK    ,INDHOTEL  ,29/09/2026,00000740.00,00000744.95,00000738.10,00000741.40,000000004731000,       34107150.00,            46000,               46,               43
FUTSTK    ,INDIANB   ,28/07/2026,00000825.70,00000837.60,00000825.55,00000831.05,000000007151000,     4679052450.00,          5632000,             5632,             4647
FUTSTK    ,INDIANB   ,25/08/2026,00000834.55,00000843.00,00000830.05,00000835.30,000000011187000,     4580939600.00,          5484000,             5484,             4335
FUTSTK    ,INDIANB   ,29/09/2026,00000843.00,00000843.50,00000837.00,00000837.70,000000000117000,       15976400.00,            19000,               19,               19
FUTSTK    ,INDIGO    ,28/07/2026,00005129.00,00005248.50,00005108.00,00005233.50,000000001334250,     8930198175.00,          1720500,            11470,             8777
FUTSTK    ,INDIGO    ,25/08/2026,00005170.00,00005269.00,00005127.50,00005256.50,000000005534400,    12131749725.00,          2325900,            15506,            11684
FUTSTK    ,INDIGO    ,29/09/2026,00005187.00,00005295.00,00005171.50,00005287.00,000000000376650,      263232975.00,            50250,              335,              282
FUTSTK    ,INDUSINDBK,28/07/2026,00001010.95,00001012.70,00000996.60,00001007.10,000000012148500,    11302820410.00,         11261600,            16088,             9413
FUTSTK    ,INDUSINDBK,25/08/2026,00001003.45,00001018.70,00001002.35,00001008.30,000000034441400,    12146502270.00,         12045600,            17208,            10421
FUTSTK    ,INDUSINDBK,29/09/2026,00001019.80,00001023.60,00001010.00,00001014.85,000000003519600,      133912730.00,           131600,              188,              165
FUTSTK    ,INDUSTOWER,28/07/2026,00000393.80,00000397.70,00000384.05,00000388.25,000000039569200,     9641909040.00,         24634700,            14491,             8109
FUTSTK    ,INDUSTOWER,25/08/2026,00000398.55,00000399.65,00000386.30,00000390.00,000000080042800,    10293034795.00,         26174900,            15397,             8543
FUTSTK    ,INDUSTOWER,29/09/2026,00000400.15,00000400.15,00000389.80,00000392.10,000000003709400,       93970220.00,           238000,              140,              131
FUTSTK    ,INFY      ,28/07/2026,00001064.00,00001081.90,00001058.20,00001080.00,000000031509200,    36874660560.00,         34260400,            85651,            61034
FUTSTK    ,INFY      ,25/08/2026,00001062.00,00001086.20,00001056.90,00001083.40,000000090136400,    39576604680.00,         36701200,            91753,            63744
FUTSTK    ,INFY      ,29/09/2026,00001055.00,00001087.00,00001050.10,00001085.20,000000002122400,     1051402680.00,           975600,             2439,             2195
FUTSTK    ,INOXWIND  ,28/07/2026,00000077.64,00000078.75,00000077.64,00000078.33,000000038035200,     2320124160.00,         29696000,             4640,             3042
FUTSTK    ,INOXWIND  ,25/08/2026,00000077.94,00000079.10,00000077.94,00000078.74,000000082112000,     2221966976.00,         28288000,             4420,             2815
FUTSTK    ,INOXWIND  ,29/09/2026,00000078.74,00000079.49,00000078.74,00000079.26,000000002835200,       50138560.00,           633600,               99,               88
FUTSTK    ,IOC       ,28/07/2026,00000140.98,00000142.50,00000140.00,00000141.76,000000050246625,     4622222182.50,         32838000,             6736,             6075
FUTSTK    ,IOC       ,25/08/2026,00000139.68,00000142.10,00000139.61,00000141.18,000000136246500,     5588160337.50,         39814125,             8167,             7034
FUTSTK    ,IOC       ,29/09/2026,00000141.00,00000142.60,00000140.44,00000142.06,000000006191250,       91595400.00,           648375,              133,              122
FUTSTK    ,IREDA     ,28/07/2026,00000121.00,00000121.59,00000119.51,00000120.50,000000010864525,     3701679689.00,         30697600,             6784,             5869
FUTSTK    ,IREDA     ,25/08/2026,00000117.06,00000117.78,00000115.67,00000117.45,000000062245900,     3915083983.25,         33457850,             7394,             6451
FUTSTK    ,IREDA     ,29/09/2026,00000116.63,00000116.63,00000114.39,00000115.94,000000003610950,      117714662.25,          1018125,              225,              209
FUTSTK    ,IRFC      ,28/07/2026,00000087.82,00000088.81,00000087.82,00000088.33,000000025231675,     3154887972.25,         35609700,             6564,             5653
FUTSTK    ,IRFC      ,25/08/2026,00000087.06,00000087.75,00000087.00,00000087.28,000000080794525,     3184563861.50,         36450575,             6719,             5776
FUTSTK    ,IRFC      ,29/09/2026,00000086.85,00000087.43,00000086.85,00000087.05,000000005924100,      109235955.50,          1253175,              231,              215
FUTSTK    ,ITC       ,28/07/2026,00000286.45,00000288.70,00000285.70,00000286.35,000000051808650,    10260449040.00,         35750625,            20725,            15022
FUTSTK    ,ITC       ,25/08/2026,00000285.90,00000290.55,00000285.70,00000287.80,000000131928000,    12071991168.75,         41843325,            24257,            18302
FUTSTK    ,ITC       ,29/09/2026,00000288.00,00000291.40,00000288.00,00000289.65,000000018911175,      562489121.25,          1937175,             1123,              658
FUTSTK    ,M&M       ,28/07/2026,00003190.00,00003240.30,00003175.10,00003233.10,000000006527400,    16331712140.00,          5086000,            25430,            16711
FUTSTK    ,M&M       ,25/08/2026,00003207.00,00003261.00,00003190.00,00003250.40,000000013623800,    17992092680.00,          5573600,            27868,            17793
FUTSTK    ,M&M       ,29/09/2026,00003224.90,00003278.50,00003210.00,00003270.80,000000002348600,      206347300.00,            63600,              318,              278
FUTSTK    ,MANAPPURAM,28/07/2026,00000356.00,00000362.55,00000355.50,00000361.05,000000037290000,     8496631350.00,         23742000,             7914,             4389
FUTSTK    ,MANAPPURAM,25/08/2026,00000358.95,00000363.90,00000356.50,00000362.40,000000046119000,     9564042750.00,         26616000,             8872,             5075
FUTSTK    ,MANAPPURAM,29/09/2026,00000358.85,00000364.00,00000358.85,00000364.00,000000000138000,       20601000.00,            57000,               19,               19
FUTSTK    ,MANKIND   ,28/07/2026,00002514.20,00002561.40,00002514.20,00002550.20,000000000813750,     1978200150.00,           777250,             3109,             2356
FUTSTK    ,MANKIND   ,25/08/2026,00002533.70,00002575.70,00002533.70,00002564.10,000000002439750,     2497172850.00,           976250,             3905,             2921
FUTSTK    ,MANKIND   ,29/09/2026,00002570.30,00002579.80,00002565.00,00002573.80,000000000007000,        4497125.00,             1750,                7,                7
FUTSTK    ,MARICO    ,28/07/2026,00000862.95,00000862.95,00000853.30,00000859.15,000000001696800,     3028543920.00,          3534000,             2945,             2676
FUTSTK    ,MARICO    ,25/08/2026,00000850.50,00000861.95,00000850.50,00000860.15,000000012256800,     3284746260.00,          3829200,             3191,             2891
FUTSTK    ,MARICO    ,29/09/2026,00000864.50,00000866.90,00000859.30,00000865.35,000000000956400,       13471140.00,            15600,               13,               13
FUTSTK    ,MARUTI    ,28/07/2026,00013564.00,00013739.00,00013512.00,00013719.00,000000001058100,    10661809700.00,           781500,            15630,            11984
FUTSTK    ,MARUTI    ,25/08/2026,00013540.00,00013669.00,00013444.00,00013650.00,000000001950550,    13165640600.00,           969800,            19396,            14865
FUTSTK    ,MARUTI    ,29/09/2026,00013600.00,00013743.00,00013540.00,00013731.00,000000000109300,      135973150.00,             9950,              199,              185
FUTSTK    ,MAXHEALTH ,28/07/2026,00001088.90,00001117.60,00001086.20,00001112.50,000000001005900,     3485665575.00,          3158925,             6017,             5193
FUTSTK    ,MAXHEALTH ,25/08/2026,00001101.40,00001115.00,00001091.90,00001110.50,000000009399600,     3758032057.50,          3396750,             6470,             5580
FUTSTK    ,MAXHEALTH ,29/09/2026,00001104.20,00001115.50,00001104.20,00001113.30,000000000036750,        9326992.50,             8400,               16,               16
FUTSTK    ,MAZDOCK   ,28/07/2026,00002319.00,00002343.80,00002305.30,00002339.80,000000001247625,     5114964532.50,          2196000,             9760,             6768
FUTSTK    ,MAZDOCK   ,25/08/2026,00002315.00,00002315.00,00002284.70,00002310.30,000000004720500,     5303797087.50,          2304900,            10244,             7145
FUTSTK    ,MAZDOCK   ,29/09/2026,00002287.80,00002308.90,00002284.10,00002305.90,000000000187875,      132217020.00,            57600,              256,              237
FUTSTK    ,MCX       ,28/07/2026,00002734.00,00002767.60,00002734.00,00002755.00,000000002313900,     6343437510.00,          2304900,            10244,             8208
FUTSTK    ,MCX       ,25/08/2026,00002740.00,00002778.80,00002735.50,00002759.30,000000005967900,     7465208175.00,          2707875,            12035,             9499
FUTSTK    ,MCX       ,29/09/2026,00002754.40,00002783.70,00002745.90,00002768.30,000000000201375,      106376490.00,            38475,              171,              145
FUTSTK    ,MFSL      ,28/07/2026,00001486.40,00001531.00,00001486.40,00001509.00,000000003305200,     5004561120.00,          3314400,             8286,             5370
FUTSTK    ,MFSL      ,25/08/2026,00001535.30,00001543.90,00001508.60,00001518.60,000000007874400,     4997358440.00,          3289200,             8223,             5263
FUTSTK    ,MFSL      ,29/09/2026,00001548.00,00001548.00,00001520.00,00001520.00,000000000031200,        7968200.00,             5200,               13,               13
FUTSTK    ,MOTHERSON ,28/07/2026,00000146.17,00000149.69,00000146.17,00000149.31,000000062619300,     9072115182.00,         61087950,             9933,             6890
FUTSTK    ,MOTHERSON ,25/08/2026,00000146.97,00000150.45,00000146.97,00000150.06,000000114937350,    10038356503.50,         67237950,            10933,             7675
FUTSTK    ,MOTHERSON ,29/09/2026,00000148.80,00000151.00,00000148.80,00000150.90,000000000904050,       68310756.00,           455100,               74,               69
FUTSTK    ,MOTILALOFS,28/07/2026,00000874.20,00000880.00,00000862.35,00000868.50,000000001260925,     1815358605.00,          2091725,             2699,             2363
FUTSTK    ,MOTILALOFS,25/08/2026,00000880.00,00000883.10,00000866.25,00000873.15,000000006575875,     2626812822.50,          3010100,             3884,             3233
FUTSTK    ,MOTILALOFS,29/09/2026,00000886.20,00000886.20,00000872.80,00000877.60,000000000121675,       18356146.25,            20925,               27,               27
FUTSTK    ,MPHASIS   ,28/07/2026,00002335.00,00002369.80,00002316.30,00002335.60,000000002278100,     3794268252.50,          1623600,             5904,             4679
FUTSTK    ,MPHASIS   ,25/08/2026,00002337.00,00002383.80,00002330.00,00002348.80,000000004178900,     4399701515.00,          1871925,             6807,             5377
FUTSTK    ,MPHASIS   ,29/09/2026,00002353.50,00002378.70,00002343.80,00002362.80,000000000026125,       20746852.50,             8800,               32,               32
FUTSTK    ,MUTHOOTFIN,28/07/2026,00003039.80,00003063.50,00003023.30,00003029.10,000000001716275,     5667354962.50,          1862850,             6774,             5231
FUTSTK    ,MUTHOOTFIN,25/08/2026,00003050.00,00003080.40,00003027.70,00003046.40,000000005804700,     6204779982.50,          2028125,             7375,             5757
FUTSTK    ,MUTHOOTFIN,29/09/2026,00003077.50,00003095.60,00003057.30,00003061.50,000000000043175,       47373947.50,            15400,               56,               54
FUTSTK    ,YESBANK   ,28/07/2026,00000023.09,00000023.17,00000022.86,00000022.97,000000595751600,     7638791952.00,        332334600,            10686,             5366
FUTSTK    ,YESBANK   ,25/08/2026,00000023.25,00000023.34,00000023.00,00000023.10,000000885634700,     7603086042.00,        328944700,            10577,             5569
FUTSTK    ,YESBANK   ,29/09/2026,00000023.32,00000023.44,00000023.17,00000023.24,000000066896100,      606267443.00,         26061800,              838,              275
FUTIDX    ,NIFTY     ,28/07/2026,00023940.00,00024045.00,00023902.40,00024028.00,000000009215895,    93601033038.50,          3903120,            60048,            38792
FUTIDX    ,NIFTY     ,25/08/2026,00023999.00,00024120.00,00023965.20,00024101.80,000000010274225,    82013105453.50,          3411200,            52480,            34897
FUTIDX    ,NIFTY     ,29/09/2026,00024250.00,00024250.00,00024105.40,00024237.20,000000000874770,     4244900497.50,           175630,             2702,             2127
FUTIDX    ,FINNIFTY  ,28/07/2026,00025865.10,00026199.30,00025865.10,00026177.60,000000000025500,      328902438.00,            12600,              210,              190
FUTIDX    ,FINNIFTY  ,25/08/2026,00026151.00,00026330.90,00026151.00,00026301.90,000000000016740,      304208664.00,            11580,              193,              164
* - OPEN_INT as available in the trading system at the end of trading hours.                        ,,,,,,,,,,,
